symbol,timeframe,zone_type,pattern,base_time,zone_top,zone_bottom,base_open,base_high,base_low,base_close,base_range,base_volume_ratio,prior_atr,departure_atr,departure_body_vs_base_body,departure_volume_ratio,freshness,tests,broken,quality_score,active_after_time,_active_after,broken_time,last_test_time,snapshot_as_of,confluence_count,confluence_timeframes,merged_from,primary_timeframe,primary_base_time
AAPL,1D,demand,DBR,2025-08-05T00:00:00-04:00,203.4,202.16,203.4,205.34,202.16,202.92,3.18,0.86,0.15,2.85,15.87,2.11,fresh,0,False,10.96,2025-08-06T00:00:00-04:00,2025-08-06 00:00:00-04:00,,,2026-01-06T16:00:00-05:00,1,1D,1D demand 202.16-203.40 DBR,1D,2025-08-05T00:00:00-04:00
AAPL,1D,demand,RBR,2025-08-07T00:00:00-04:00,220.03,216.58,218.88,220.85,216.58,220.03,4.27,1.59,4.34,2.36,7.38,2.01,fresh,0,False,10.37,2025-08-08T00:00:00-04:00,2025-08-08 00:00:00-04:00,,,2026-01-06T16:00:00-05:00,1,1D,1D demand 216.58-220.03 RBR,1D,2025-08-07T00:00:00-04:00
AAPL,1D,demand,RBR,2025-08-11T00:00:00-04:00,227.92,224.76,227.92,229.56,224.76,227.18,4.8,1.0,1.59,0.55,2.22,0.9,multiple_tests,3,False,5.45,2025-08-12T00:00:00-04:00,2025-08-12 00:00:00-04:00,,2025-09-11T00:00:00-04:00,2026-01-06T16:00:00-05:00,2,1D,1D demand 224.76-227.92 RBR; 1D demand 226.23-227.16 RBR,1D,2025-08-11T00:00:00-04:00
AAPL,1D,demand,DBR/RBR,2025-09-18T00:00:00-04:00,239.97,235.03,239.97,241.2,236.65,237.88,4.55,0.9,-0.07,1.97,2.05,3.34,fresh,0,False,11.47,2025-09-19T00:00:00-04:00,2025-09-19 00:00:00-04:00,,,2026-01-06T16:00:00-05:00,2,1D,1D demand 236.65-239.97 DBR; 1D demand 235.03-237.00 RBR,1D,2025-09-18T00:00:00-04:00
AAPL,1D,demand,DBR,2025-10-16T00:00:00-04:00,248.25,245.13,248.25,249.04,245.13,247.45,3.91,0.76,-0.07,1.05,5.34,0.93,fresh,0,False,7.98,2025-10-17T00:00:00-04:00,2025-10-17 00:00:00-04:00,,,2026-01-06T16:00:00-05:00,1,1D,1D demand 245.13-248.25 DBR,1D,2025-10-16T00:00:00-04:00
AAPL,1D,demand,DBR/RBR,2025-10-23T00:00:00-04:00,262.82,258.01,259.94,260.62,258.01,259.58,2.61,0.74,-0.69,0.7,4.53,0.86,fresh,0,False,8.06,2025-10-24T00:00:00-04:00,2025-10-24 00:00:00-04:00,,,2026-01-06T16:00:00-05:00,2,1D,1D demand 258.01-259.94 DBR; 1D demand 259.18-262.82 RBR,1D,2025-10-23T00:00:00-04:00
AAPL,1D,supply,DBD,2025-12-30T00:00:00-05:00,274.08,272.81,272.81,274.08,272.28,273.08,1.8,0.52,-0.08,-0.3,4.44,0.64,one_test,1,False,5.44,2025-12-31T00:00:00-05:00,2025-12-31 00:00:00-05:00,,2026-01-02T00:00:00-05:00,2026-01-06T16:00:00-05:00,1,1D,1D supply 272.81-274.08 DBD,1D,2025-12-30T00:00:00-05:00
AAPL,1D,supply,DBD/RBD,2025-12-12T00:00:00-05:00,279.67,277.89,277.9,279.22,276.82,278.28,2.4,0.92,-0.1,-0.82,15.89,1.17,fresh,0,False,8.49,2025-12-15T00:00:00-05:00,2025-12-15 00:00:00-05:00,,,2026-01-06T16:00:00-05:00,2,1D,1D supply 277.90-279.22 RBD; 1D supply 277.89-279.67 DBD,1D,2025-12-12T00:00:00-05:00
AMD,1D,demand,DBR,2025-09-08T00:00:00-04:00,151.8,149.22,151.8,152.64,149.22,151.41,3.42,0.83,-1.87,0.8,9.82,0.85,one_test,1,False,6.15,2025-09-09T00:00:00-04:00,2025-09-09 00:00:00-04:00,,2025-09-18T00:00:00-04:00,2026-01-06T16:00:00-05:00,1,1D,1D demand 149.22-151.80 DBR,1D,2025-09-08T00:00:00-04:00
AMD,1D,demand,DBR,2025-09-17T00:00:00-04:00,159.28,155.76,159.28,161.63,155.76,159.16,5.87,0.98,-0.39,-0.24,58.0,1.98,multiple_tests,2,False,6.22,2025-09-18T00:00:00-04:00,2025-09-18 00:00:00-04:00,,2025-09-26T00:00:00-04:00,2026-01-06T16:00:00-05:00,2,1D,1D demand 155.76-159.28 DBR; 1D demand 155.90-157.39 DBR,1D,2025-09-17T00:00:00-04:00
AMD,1D,demand,RBR,2025-09-30T00:00:00-04:00,161.79,159.33,160.79,162.28,159.33,161.79,2.95,0.68,0.46,0.43,3.1,0.91,fresh,0,False,7.34,2025-10-01T00:00:00-04:00,2025-10-01 00:00:00-04:00,,,2026-01-06T16:00:00-05:00,1,1D,1D demand 159.33-161.79 RBR,1D,2025-09-30T00:00:00-04:00
AMD,1D,demand,DBR,2025-11-21T00:00:00-05:00,208.81,195.0,208.81,208.83,195.0,203.78,13.83,1.21,-1.51,0.86,2.24,0.84,multiple_tests,7,False,5.2,2025-11-24T00:00:00-05:00,2025-11-24 00:00:00-05:00,,2025-12-19T00:00:00-05:00,2026-01-06T16:00:00-05:00,1,1D,1D demand 195.00-208.81 DBR,1D,2025-11-21T00:00:00-05:00
AMD,1D,demand,DBR,2025-12-18T00:00:00-05:00,203.81,200.5,203.81,206.36,200.5,201.06,5.86,0.81,-0.84,1.28,3.21,1.6,fresh,0,False,8.88,2025-12-19T00:00:00-05:00,2025-12-19 00:00:00-05:00,,,2026-01-06T16:00:00-05:00,1,1D,1D demand 200.50-203.81 DBR,1D,2025-12-18T00:00:00-05:00
AMD,1D,demand,DBR,2025-12-31T00:00:00-05:00,215.81,213.03,215.81,217.64,213.8,214.16,3.84,0.67,-0.21,1.37,2.76,1.38,one_test,1,False,7.75,2026-01-02T00:00:00-05:00,2026-01-02 00:00:00-05:00,,2026-01-06T00:00:00-05:00,2026-01-06T16:00:00-05:00,2,1D,1D demand 213.80-215.81 DBR; 1D demand 213.03-215.43 DBR,1D,2025-12-31T00:00:00-05:00
AMD,1D,supply,RBD,2026-01-02T00:00:00-05:00,227.15,218.9,218.9,227.15,218.9,223.47,8.25,1.36,1.18,-0.35,2.01,1.19,one_test,1,False,6.04,2026-01-05T00:00:00-05:00,2026-01-05 00:00:00-05:00,,2026-01-06T00:00:00-05:00,2026-01-06T16:00:00-05:00,1,1D,1D supply 218.90-227.15 RBD,1D,2026-01-02T00:00:00-05:00
AMD,1D,supply,DBD,2025-11-17T00:00:00-05:00,248.77,240.52,242.75,248.77,237.15,240.52,11.62,0.69,-0.64,-0.88,2.92,0.83,fresh,0,False,7.71,2025-11-18T00:00:00-05:00,2025-11-18 00:00:00-05:00,,,2026-01-06T16:00:00-05:00,1,1D,1D supply 240.52-248.77 DBD,1D,2025-11-17T00:00:00-05:00
AMD,1D,supply,RBD,2025-11-03T00:00:00-05:00,260.91,259.33,259.33,260.91,253.89,259.65,7.02,0.52,0.43,-0.85,30.0,0.8,multiple_tests,3,False,5.15,2025-11-04T00:00:00-05:00,2025-11-04 00:00:00-05:00,,2025-11-13T00:00:00-05:00,2026-01-06T16:00:00-05:00,1,1D,1D supply 259.33-260.91 RBD,1D,2025-11-03T00:00:00-05:00
AMD,1D,supply,RBD,2025-10-29T00:00:00-04:00,267.08,264.19,264.19,267.08,257.4,264.33,9.68,0.6,0.4,-0.81,36.29,0.55,fresh,0,False,7.36,2025-10-30T00:00:00-04:00,2025-10-30 00:00:00-04:00,,,2026-01-06T16:00:00-05:00,1,1D,1D supply 264.19-267.08 RBD,1D,2025-10-29T00:00:00-04:00
AMZN,1D,demand,RBR,2025-08-05T00:00:00-04:00,213.75,212.87,213.05,216.3,212.87,213.75,3.43,1.11,-0.27,2.31,10.88,1.18,multiple_tests,5,False,6.99,2025-08-06T00:00:00-04:00,2025-08-06 00:00:00-04:00,,2025-10-20T00:00:00-04:00,2026-01-06T16:00:00-05:00,1,1D,1D demand 212.87-213.75 RBR,1D,2025-08-05T00:00:00-04:00
AMZN,1D,demand,RBR,2025-11-21T00:00:00-05:00,220.69,215.18,216.34,222.21,215.18,220.69,7.03,1.19,-0.32,0.91,1.29,0.94,fresh,0,False,7.85,2025-11-24T00:00:00-05:00,2025-11-24 00:00:00-05:00,,,2026-01-06T16:00:00-05:00,1,1D,1D demand 215.18-220.69 RBR,1D,2025-11-21T00:00:00-05:00
AMZN,1D,supply,DBD/RBD,2025-11-11T00:00:00-05:00,251.0,248.41,248.41,249.75,247.23,249.1,2.52,0.43,0.93,-0.97,8.75,0.58,fresh,0,False,8.05,2025-11-12T00:00:00-05:00,2025-11-12 00:00:00-05:00,,,2026-01-06T16:00:00-05:00,2,1D,1D supply 248.41-249.75 RBD; 1D supply 249.03-251.00 DBD,1D,2025-11-11T00:00:00-05:00
AMZN,1D,supply,RBD,2025-11-03T00:00:00-05:00,258.6,254.0,255.36,258.6,252.9,254.0,5.7,1.71,6.13,-0.92,3.44,0.92,fresh,0,False,7.84,2025-11-04T00:00:00-05:00,2025-11-04 00:00:00-05:00,,,2026-01-06T16:00:00-05:00,1,1D,1D supply 254.00-258.60 RBD,1D,2025-11-03T00:00:00-05:00
ANET,1D,demand,DBR,2025-11-21T00:00:00-05:00,118.42,114.52,118.42,120.0,114.52,117.43,5.48,1.75,-1.19,0.77,3.29,1.34,fresh,0,False,8.11,2025-11-24T00:00:00-05:00,2025-11-24 00:00:00-05:00,,,2026-01-06T16:00:00-05:00,1,1D,1D demand 114.52-118.42 DBR,1D,2025-11-21T00:00:00-05:00
ANET,1D,demand,RBR,2025-12-18T00:00:00-05:00,125.0,123.88,125.0,127.16,123.88,124.62,3.28,0.76,-0.31,1.32,16.08,1.74,fresh,0,False,9.06,2025-12-19T00:00:00-05:00,2025-12-19 00:00:00-05:00,,,2026-01-06T16:00:00-05:00,1,1D,1D demand 123.88-125.00 RBR,1D,2025-12-18T00:00:00-05:00
ANET,1D,demand,RBR,2025-12-26T00:00:00-05:00,131.84,130.45,131.0,132.12,130.45,131.84,1.68,0.4,0.12,0.54,3.57,1.07,one_test,1,False,6.11,2025-12-29T00:00:00-05:00,2025-12-29 00:00:00-05:00,,2025-12-31T00:00:00-05:00,2026-01-06T16:00:00-05:00,1,1D,1D demand 130.45-131.84 RBR,1D,2025-12-26T00:00:00-05:00
ANET,1D,supply,RBD,2026-01-02T00:00:00-05:00,136.09,133.6,134.05,136.09,132.19,133.6,3.91,0.82,0.28,0.88,2.56,1.68,one_test,1,False,7.06,2026-01-05T00:00:00-05:00,2026-01-05 00:00:00-05:00,,2026-01-06T00:00:00-05:00,2026-01-06T16:00:00-05:00,1,1D,1D supply 133.60-136.09 RBD,1D,2026-01-02T00:00:00-05:00
ANET,1D,supply,DBD,2025-11-04T00:00:00-05:00,157.03,152.86,152.86,157.03,150.99,153.55,6.03,1.16,-0.66,-2.09,3.26,2.04,fresh,0,False,10.13,2025-11-05T00:00:00-05:00,2025-11-05 00:00:00-05:00,,,2026-01-06T16:00:00-05:00,1,1D,1D supply 152.86-157.03 DBD,1D,2025-11-04T00:00:00-05:00
APP,1D,demand,RBR,2025-08-21T00:00:00-04:00,418.76,408.8,411.62,431.86,408.8,418.76,23.06,0.81,0.28,1.04,3.21,0.99,fresh,0,False,8.03,2025-08-22T00:00:00-04:00,2025-08-22 00:00:00-04:00,,,2026-01-06T16:00:00-05:00,1,1D,1D demand 408.80-418.76 RBR,1D,2025-08-21T00:00:00-04:00
APP,1D,demand,RBR,2025-08-25T00:00:00-04:00,450.68,434.02,440.3,454.39,434.02,450.68,20.37,0.62,1.35,0.79,2.05,0.87,fresh,0,False,7.66,2025-08-26T00:00:00-04:00,2025-08-26 00:00:00-04:00,,,2026-01-06T16:00:00-05:00,1,1D,1D demand 434.02-450.68 RBR,1D,2025-08-25T00:00:00-04:00
APP,1D,demand,RBR,2025-08-27T00:00:00-04:00,469.0,458.65,469.0,474.98,458.65,462.94,16.33,0.45,0.5,0.85,3.39,0.89,one_test,1,False,6.24,2025-08-28T00:00:00-04:00,2025-08-28 00:00:00-04:00,,2025-09-02T00:00:00-04:00,2026-01-06T16:00:00-05:00,1,1D,1D demand 458.65-469.00 RBR,1D,2025-08-27T00:00:00-04:00
APP,1D,demand,RBR,2025-08-29T00:00:00-04:00,480.72,472.42,480.72,485.53,472.42,478.59,13.11,0.8,0.64,0.13,8.32,0.82,one_test,1,False,5.45,2025-09-02T00:00:00-04:00,2025-09-02 00:00:00-04:00,,2025-09-05T00:00:00-04:00,2026-01-06T16:00:00-05:00,1,1D,1D demand 472.42-480.72 RBR,1D,2025-08-29T00:00:00-04:00
APP,1D,demand,RBR,2025-09-03T00:00:00-04:00,487.69,485.08,487.69,499.87,485.08,487.35,14.79,0.79,0.36,0.52,6.38,0.97,one_test,1,False,5.99,2025-09-04T00:00:00-04:00,2025-09-04 00:00:00-04:00,,2025-09-05T00:00:00-04:00,2026-01-06T16:00:00-05:00,1,1D,1D demand 485.08-487.69 RBR,1D,2025-09-03T00:00:00-04:00
APP,1D,demand,DBR,2025-11-21T00:00:00-05:00,521.65,489.3,521.65,529.98,489.3,520.26,40.68,1.29,-0.29,1.17,24.7,1.07,fresh,0,False,8.24,2025-11-24T00:00:00-05:00,2025-11-24 00:00:00-05:00,,,2026-01-06T16:00:00-05:00,1,1D,1D demand 489.30-521.65 DBR,1D,2025-11-21T00:00:00-05:00
APP,1D,demand,RBR,2025-11-25T00:00:00-05:00,556.03,535.85,555.12,557.77,535.85,556.03,21.92,0.58,1.04,0.88,22.65,0.72,fresh,0,False,7.6,2025-11-26T00:00:00-05:00,2025-11-26 00:00:00-05:00,,,2026-01-06T16:00:00-05:00,1,1D,1D demand 535.85-556.03 RBR,1D,2025-11-25T00:00:00-05:00
APP,1D,demand,RBR,2025-11-28T00:00:00-05:00,599.48,583.4,589.79,599.59,583.4,599.48,16.19,0.39,1.25,0.69,3.66,0.97,one_test,1,False,6.16,2025-12-01T00:00:00-05:00,2025-12-01 00:00:00-05:00,,2026-01-06T00:00:00-05:00,2026-01-06T16:00:00-05:00,1,1D,1D demand 583.40-599.48 RBR,1D,2025-11-28T00:00:00-05:00
APP,1D,supply,DBD,2025-12-30T00:00:00-05:00,699.73,693.71,697.89,699.73,683.62,693.71,16.11,0.64,-0.73,-0.71,4.76,0.55,fresh,0,False,7.26,2025-12-31T00:00:00-05:00,2025-12-31 00:00:00-05:00,,,2026-01-06T16:00:00-05:00,1,1D,1D supply 693.71-699.73 DBD,1D,2025-12-30T00:00:00-05:00
ARM,1D,demand,DBR,2025-12-31T00:00:00-05:00,110.67,109.29,110.67,111.6,109.29,109.31,2.31,0.8,-0.31,1.38,4.0,1.55,fresh,0,False,8.93,2026-01-02T00:00:00-05:00,2026-01-02 00:00:00-05:00,,,2026-01-06T16:00:00-05:00,1,1D,1D demand 109.29-110.67 DBR,1D,2025-12-31T00:00:00-05:00
ARM,1D,supply,RBD,2026-01-02T00:00:00-05:00,116.29,112.83,112.83,116.29,112.83,114.73,3.46,1.47,0.99,0.35,2.24,1.5,one_test,1,False,6.35,2026-01-05T00:00:00-05:00,2026-01-05 00:00:00-05:00,,2026-01-06T00:00:00-05:00,2026-01-06T16:00:00-05:00,1,1D,1D supply 112.83-116.29 RBD,1D,2026-01-02T00:00:00-05:00
ARM,1D,supply,DBD,2025-12-11T00:00:00-05:00,138.26,136.14,137.99,138.26,133.09,136.14,5.17,1.28,-1.13,-1.03,2.39,1.2,fresh,0,False,8.23,2025-12-12T00:00:00-05:00,2025-12-12 00:00:00-05:00,,,2026-01-06T16:00:00-05:00,1,1D,1D supply 136.14-138.26 DBD,1D,2025-12-11T00:00:00-05:00
ARM,1D,supply,DBD/RBD,2025-12-10T00:00:00-05:00,143.8,139.57,141.74,142.8,140.0,141.52,2.8,0.55,0.34,-1.05,8.41,1.31,fresh,0,False,8.86,2025-12-11T00:00:00-05:00,2025-12-11 00:00:00-05:00,,,2026-01-06T16:00:00-05:00,2,1D,1D supply 141.52-142.80 DBD; 1D supply 139.57-143.80 RBD,1D,2025-12-10T00:00:00-05:00
ARM,1D,supply,DBD,2025-11-12T00:00:00-05:00,152.48,148.75,151.07,152.48,146.85,148.75,5.63,0.62,-0.91,-1.26,2.88,1.55,fresh,0,False,8.81,2025-11-13T00:00:00-05:00,2025-11-13 00:00:00-05:00,,,2026-01-06T16:00:00-05:00,1,1D,1D supply 148.75-152.48 DBD,1D,2025-11-12T00:00:00-05:00
ARM,1D,supply,DBD,2025-11-05T00:00:00-05:00,164.33,158.74,158.74,164.33,156.33,160.19,8.0,1.26,-1.04,-0.24,6.03,1.3,one_test,1,False,6.04,2025-11-06T00:00:00-05:00,2025-11-06 00:00:00-05:00,,2025-11-10T00:00:00-05:00,2026-01-06T16:00:00-05:00,1,1D,1D supply 158.74-164.33 DBD,1D,2025-11-05T00:00:00-05:00
ARM,1D,supply,RBD,2025-11-03T00:00:00-05:00,173.54,168.68,171.3,173.54,168.36,168.68,5.18,0.39,0.38,-0.95,3.03,0.7,fresh,0,False,7.65,2025-11-04T00:00:00-05:00,2025-11-04 00:00:00-05:00,,,2026-01-06T16:00:00-05:00,1,1D,1D supply 168.68-173.54 RBD,1D,2025-11-03T00:00:00-05:00
ASTS,1D,demand,RBR,2025-09-12T00:00:00-04:00,38.72,37.73,38.59,39.21,37.73,38.72,1.48,0.86,0.4,0.79,5.38,1.15,fresh,0,False,7.94,2025-09-15T00:00:00-04:00,2025-09-15 00:00:00-04:00,,,2026-01-06T16:00:00-05:00,1,1D,1D demand 37.73-38.72 RBR,1D,2025-09-12T00:00:00-04:00
ASTS,1D,demand,RBR,2025-09-18T00:00:00-04:00,41.93,40.15,41.93,42.17,40.15,41.44,2.02,1.01,0.38,1.38,6.37,2.27,fresh,0,False,9.65,2025-09-19T00:00:00-04:00,2025-09-19 00:00:00-04:00,,,2026-01-06T16:00:00-05:00,1,1D,1D demand 40.15-41.93 RBR,1D,2025-09-18T00:00:00-04:00
ASTS,1D,demand,RBR,2025-09-30T00:00:00-04:00,49.08,47.5,48.57,49.72,47.5,49.08,2.22,0.63,-0.0,2.45,6.73,1.67,fresh,0,False,10.12,2025-10-01T00:00:00-04:00,2025-10-01 00:00:00-04:00,,,2026-01-06T16:00:00-05:00,1,1D,1D demand 47.50-49.08 RBR,1D,2025-09-30T00:00:00-04:00
ASTS,1D,demand,DBR,2025-12-18T00:00:00-05:00,65.93,64.01,65.2,67.68,64.01,65.93,3.67,1.04,-0.4,1.62,11.12,1.64,fresh,0,False,9.26,2025-12-19T00:00:00-05:00,2025-12-19 00:00:00-05:00,,,2026-01-06T16:00:00-05:00,1,1D,1D demand 64.01-65.93 DBR,1D,2025-12-18T00:00:00-05:00
ASTS,1D,demand,DBR,2025-12-29T00:00:00-05:00,71.47,69.69,70.64,74.89,69.69,71.47,5.2,0.92,-0.9,0.44,2.8,1.13,one_test,1,False,6.07,2025-12-30T00:00:00-05:00,2025-12-30 00:00:00-05:00,,2026-01-02T00:00:00-05:00,2026-01-06T16:00:00-05:00,1,1D,1D demand 69.69-71.47 DBR,1D,2025-12-29T00:00:00-05:00
ASTS,1D,demand,DBR,2025-12-31T00:00:00-05:00,75.0,71.61,75.0,75.5,71.61,72.63,3.89,0.65,0.16,1.45,3.84,1.19,fresh,0,False,8.64,2026-01-02T00:00:00-05:00,2026-01-02 00:00:00-05:00,,,2026-01-06T16:00:00-05:00,1,1D,1D demand 71.61-75.00 DBR,1D,2025-12-31T00:00:00-05:00
ASTS,1D,supply,RBD,2025-10-15T00:00:00-04:00,99.82,95.69,98.79,99.82,93.14,95.69,6.68,0.83,0.81,-0.96,2.0,0.99,one_test,1,False,6.45,2025-10-16T00:00:00-04:00,2025-10-16 00:00:00-04:00,,2026-01-06T00:00:00-05:00,2026-01-06T16:00:00-05:00,1,1D,1D supply 95.69-99.82 RBD,1D,2025-10-15T00:00:00-04:00
AVGO,1D,demand,DBR,2025-08-21T00:00:00-04:00,290.06,286.17,290.06,292.38,286.17,289.6,6.21,0.85,-0.59,0.49,4.9,0.93,one_test,1,False,5.92,2025-08-22T00:00:00-04:00,2025-08-22 00:00:00-04:00,,2025-09-02T00:00:00-04:00,2026-01-06T16:00:00-05:00,1,1D,1D demand 286.17-290.06 DBR,1D,2025-08-21T00:00:00-04:00
AVGO,1D,demand,RBR,2025-08-27T00:00:00-04:00,300.25,291.71,297.53,301.18,293.78,300.25,7.4,0.77,0.64,0.9,2.1,1.05,multiple_tests,3,False,5.95,2025-08-28T00:00:00-04:00,2025-08-28 00:00:00-04:00,,2025-09-03T00:00:00-04:00,2026-01-06T16:00:00-05:00,2,1D,1D demand 293.78-300.25 RBR; 1D demand 291.71-294.23 RBR,1D,2025-08-27T00:00:00-04:00
AVGO,1D,demand,RBR,2025-09-03T00:00:00-04:00,302.39,296.4,302.29,304.45,296.4,302.39,8.05,1.04,0.54,0.4,10.4,1.76,fresh,0,False,8.16,2025-09-04T00:00:00-04:00,2025-09-04 00:00:00-04:00,,,2026-01-06T16:00:00-05:00,1,1D,1D demand 296.40-302.39 RBR,1D,2025-09-03T00:00:00-04:00
AVGO,1D,demand,DBR,2025-09-30T00:00:00-04:00,330.12,324.61,330.12,331.05,324.61,329.91,6.44,0.65,-0.41,0.31,24.98,0.69,multiple_tests,5,False,4.5,2025-10-01T00:00:00-04:00,2025-10-01 00:00:00-04:00,,2025-12-18T00:00:00-05:00,2026-01-06T16:00:00-05:00,1,1D,1D demand 324.61-330.12 DBR,1D,2025-09-30T00:00:00-04:00
AVGO,1D,supply,RBD,2025-12-30T00:00:00-05:00,352.68,349.85,349.97,352.68,349.3,349.85,3.38,0.39,-0.19,-0.31,30.25,0.36,multiple_tests,2,False,4.17,2025-12-31T00:00:00-05:00,2025-12-31 00:00:00-05:00,,2026-01-05T00:00:00-05:00,2026-01-06T16:00:00-05:00,1,1D,1D supply 349.85-352.68 RBD,1D,2025-12-30T00:00:00-05:00
AVGO,1D,supply,DBD,2025-12-11T00:00:00-05:00,409.3,404.82,404.82,409.3,394.19,406.37,15.11,1.75,0.01,-3.02,12.96,3.67,fresh,0,False,12.02,2025-12-12T00:00:00-05:00,2025-12-12 00:00:00-05:00,,,2026-01-06T16:00:00-05:00,1,1D,1D supply 404.82-409.30 DBD,1D,2025-12-11T00:00:00-05:00
COIN,1D,demand,RBR,2026-01-02T00:00:00-05:00,236.53,225.91,230.59,238.49,225.91,236.53,12.58,1.19,0.48,1.78,3.1,1.86,fresh,0,False,9.64,2026-01-05T00:00:00-05:00,2026-01-05 00:00:00-05:00,,,2026-01-06T16:00:00-05:00,1,1D,1D demand 225.91-236.53 RBR,1D,2026-01-02T00:00:00-05:00
COIN,1D,supply,DBD,2025-12-16T00:00:00-05:00,257.0,252.61,253.56,257.0,250.32,252.61,6.68,0.73,-1.11,-0.63,11.15,0.9,multiple_tests,4,False,5.03,2025-12-17T00:00:00-05:00,2025-12-17 00:00:00-05:00,,2026-01-06T00:00:00-05:00,2026-01-06T16:00:00-05:00,1,1D,1D supply 252.61-257.00 DBD,1D,2025-12-16T00:00:00-05:00
COIN,1D,supply,DBD,2025-12-12T00:00:00-05:00,278.2,267.46,271.66,278.2,263.16,267.46,15.04,0.83,-0.54,-1.2,4.18,1.1,fresh,0,False,8.3,2025-12-15T00:00:00-05:00,2025-12-15 00:00:00-05:00,,,2026-01-06T16:00:00-05:00,1,1D,1D supply 267.46-278.20 DBD,1D,2025-12-12T00:00:00-05:00
COIN,1D,supply,DBD,2025-11-12T00:00:00-05:00,311.5,304.0,309.23,311.5,301.46,304.0,10.04,0.75,-0.83,-1.24,3.54,1.19,fresh,0,False,8.43,2025-11-13T00:00:00-05:00,2025-11-13 00:00:00-05:00,,,2026-01-06T16:00:00-05:00,1,1D,1D supply 304.00-311.50 DBD,1D,2025-11-12T00:00:00-05:00
COIN,1D,supply,DBD/RBD,2025-11-10T00:00:00-05:00,324.8,315.88,323.02,324.8,311.66,317.93,13.14,0.94,1.31,-0.8,2.73,0.75,fresh,0,False,8.05,2025-11-11T00:00:00-05:00,2025-11-11 00:00:00-05:00,,,2026-01-06T16:00:00-05:00,2,1D,1D supply 317.93-324.80 RBD; 1D supply 315.88-324.14 DBD,1D,2025-11-10T00:00:00-05:00
COIN,1D,supply,DBD,2025-11-03T00:00:00-05:00,342.8,330.42,340.87,342.8,325.88,330.42,16.92,1.0,0.1,-1.23,2.21,1.33,fresh,0,False,8.56,2025-11-04T00:00:00-05:00,2025-11-04 00:00:00-05:00,,,2026-01-06T16:00:00-05:00,1,1D,1D supply 330.42-342.80 DBD,1D,2025-11-03T00:00:00-05:00
COIN,1D,supply,DBD,2025-10-29T00:00:00-04:00,360.0,348.61,357.43,360.0,345.21,348.61,14.79,0.78,-0.7,-1.1,2.28,0.93,one_test,1,False,6.53,2025-10-30T00:00:00-04:00,2025-10-30 00:00:00-04:00,,2025-10-31T00:00:00-04:00,2026-01-06T16:00:00-05:00,1,1D,1D supply 348.61-360.00 DBD,1D,2025-10-29T00:00:00-04:00
COIN,1D,supply,RBD,2025-10-27T00:00:00-04:00,373.25,361.43,362.82,373.25,357.3,361.43,15.95,1.0,2.18,-0.35,5.76,0.67,fresh,0,False,7.02,2025-10-28T00:00:00-04:00,2025-10-28 00:00:00-04:00,,,2026-01-06T16:00:00-05:00,1,1D,1D supply 361.43-373.25 RBD,1D,2025-10-27T00:00:00-04:00
COIN,1D,supply,RBD,2025-10-09T00:00:00-04:00,392.85,384.26,384.26,392.15,381.8,387.0,10.35,0.73,0.81,-2.15,11.19,1.84,fresh,0,False,10.49,2025-10-10T00:00:00-04:00,2025-10-10 00:00:00-04:00,,,2026-01-06T16:00:00-05:00,2,1D,1D supply 384.26-392.15 RBD; 1D supply 386.07-392.85 RBD,1D,2025-10-09T00:00:00-04:00
COST,1D,demand,DBR,2026-01-02T00:00:00-05:00,861.14,852.5,861.14,863.1,852.5,854.5,10.6,0.79,-0.84,1.6,3.2,0.93,fresh,0,False,8.53,2026-01-05T00:00:00-05:00,2026-01-05 00:00:00-05:00,,,2026-01-06T16:00:00-05:00,1,1D,1D demand 852.50-861.14 DBR,1D,2026-01-02T00:00:00-05:00
COST,1D,supply,DBD,2025-12-05T00:00:00-05:00,905.89,894.68,897.25,905.89,893.0,894.68,12.89,0.97,-1.9,-0.49,2.33,0.99,fresh,0,False,7.48,2025-12-08T00:00:00-05:00,2025-12-08 00:00:00-05:00,,,2026-01-06T16:00:00-05:00,1,1D,1D supply 894.68-905.89 DBD,1D,2025-12-05T00:00:00-05:00
COST,1D,supply,DBD/RBD,2025-12-03T00:00:00-05:00,928.89,912.59,920.81,926.32,916.02,922.26,10.3,0.77,0.7,-1.81,7.7,1.55,fresh,0,False,10.36,2025-12-04T00:00:00-05:00,2025-12-04 00:00:00-05:00,,,2026-01-06T16:00:00-05:00,3,1D,1D supply 920.81-926.32 RBD; 1D supply 912.59-924.90 DBD; 1D supply 922.98-928.89 RBD,1D,2025-12-03T00:00:00-05:00
COST,1D,supply,DBD,2025-10-23T00:00:00-04:00,945.47,942.05,945.47,945.47,934.49,942.05,10.98,0.76,0.32,-0.7,2.3,0.63,one_test,1,False,5.83,2025-10-24T00:00:00-04:00,2025-10-24 00:00:00-04:00,,2025-11-05T00:00:00-05:00,2026-01-06T16:00:00-05:00,1,1D,1D supply 942.05-945.47 DBD,1D,2025-10-23T00:00:00-04:00
COST,1D,supply,RBD,2025-09-09T00:00:00-04:00,979.87,970.0,970.0,979.87,963.11,979.25,16.76,0.73,1.16,-1.69,2.17,1.11,fresh,0,False,8.8,2025-09-10T00:00:00-04:00,2025-09-10 00:00:00-04:00,,,2026-01-06T16:00:00-05:00,1,1D,1D supply 970.00-979.87 RBD,1D,2025-09-09T00:00:00-04:00
CRM,1D,demand,DBR,2025-11-24T00:00:00-05:00,227.34,225.04,227.34,228.84,225.04,226.82,3.8,1.23,0.21,1.07,14.08,1.47,one_test,1,False,7.04,2025-11-25T00:00:00-05:00,2025-11-25 00:00:00-05:00,,2025-11-26T00:00:00-05:00,2026-01-06T16:00:00-05:00,1,1D,1D demand 225.04-227.34 DBR,1D,2025-11-24T00:00:00-05:00
CRM,1D,demand,DBR,2025-11-28T00:00:00-05:00,230.54,228.62,229.0,232.56,228.62,230.54,3.94,0.53,-0.52,0.34,2.7,0.81,fresh,0,False,7.15,2025-12-01T00:00:00-05:00,2025-12-01 00:00:00-05:00,,,2026-01-06T16:00:00-05:00,1,1D,1D demand 228.62-230.54 DBR,1D,2025-11-28T00:00:00-05:00
CRM,1D,demand,RBR,2025-12-03T00:00:00-05:00,238.72,233.16,235.36,239.26,233.16,238.72,6.1,1.89,0.89,1.33,2.6,2.87,fresh,0,False,10.2,2025-12-04T00:00:00-05:00,2025-12-04 00:00:00-05:00,,,2026-01-06T16:00:00-05:00,1,1D,1D demand 233.16-238.72 RBR,1D,2025-12-03T00:00:00-05:00
CRM,1D,supply,DBD,2025-12-31T00:00:00-05:00,266.1,264.91,265.29,266.1,264.39,264.91,1.71,0.4,-0.23,-1.99,29.95,1.16,fresh,0,False,9.15,2026-01-02T00:00:00-05:00,2026-01-02 00:00:00-05:00,,,2026-01-06T16:00:00-05:00,1,1D,1D supply 264.91-266.10 DBD,1D,2025-12-31T00:00:00-05:00
CRWD,1D,demand,DBR,2025-09-04T00:00:00-04:00,413.2,402.66,413.2,415.49,402.66,412.46,12.83,0.77,-0.08,0.37,4.74,0.56,fresh,0,False,6.93,2025-09-05T00:00:00-04:00,2025-09-05 00:00:00-04:00,,,2026-01-06T16:00:00-05:00,1,1D,1D demand 402.66-413.20 DBR,1D,2025-09-04T00:00:00-04:00
CRWD,1D,demand,RBR,2025-09-05T00:00:00-04:00,417.58,407.06,414.07,418.11,407.06,417.58,11.05,0.59,0.34,0.81,2.58,0.75,fresh,0,False,7.56,2025-09-08T00:00:00-04:00,2025-09-08 00:00:00-04:00,,,2026-01-06T16:00:00-05:00,1,1D,1D demand 407.06-417.58 RBR,1D,2025-09-05T00:00:00-04:00
CRWD,1D,demand,RBR,2025-09-16T00:00:00-04:00,444.98,434.8,444.8,448.32,434.8,444.98,13.52,0.86,0.7,0.04,2.78,1.15,fresh,0,False,7.69,2025-09-17T00:00:00-04:00,2025-09-17 00:00:00-04:00,,,2026-01-06T16:00:00-05:00,2,1D,1D demand 434.80-444.98 RBR; 1D demand 435.00-436.10 RBR,1D,2025-09-16T00:00:00-04:00
CRWD,1D,supply,DBD,2025-12-30T00:00:00-05:00,478.12,475.63,476.0,478.12,472.24,475.63,5.88,0.49,-0.39,-0.48,19.51,0.69,fresh,0,False,7.17,2025-12-31T00:00:00-05:00,2025-12-31 00:00:00-05:00,,,2026-01-06T16:00:00-05:00,1,1D,1D supply 475.63-478.12 DBD,1D,2025-12-30T00:00:00-05:00
CRWD,1D,supply,DBD,2025-12-16T00:00:00-05:00,491.44,486.48,486.48,491.44,482.0,488.53,9.44,0.71,-0.88,-1.0,9.48,0.93,one_test,1,False,6.43,2025-12-17T00:00:00-05:00,2025-12-17 00:00:00-05:00,,2025-12-19T00:00:00-05:00,2026-01-06T16:00:00-05:00,1,1D,1D supply 486.48-491.44 DBD,1D,2025-12-16T00:00:00-05:00
CRWD,1D,supply,DBD,2025-12-12T00:00:00-05:00,517.44,504.78,516.41,517.44,498.76,504.78,18.68,1.09,-0.76,-0.89,1.49,0.89,fresh,0,False,7.78,2025-12-15T00:00:00-05:00,2025-12-15 00:00:00-05:00,,,2026-01-06T16:00:00-05:00,1,1D,1D supply 504.78-517.44 DBD,1D,2025-12-12T00:00:00-05:00
CRWD,1D,supply,DBD,2025-12-11T00:00:00-05:00,528.19,513.37,516.67,528.19,512.51,517.65,15.68,0.82,-0.02,-0.66,11.87,1.1,fresh,0,False,8.26,2025-12-12T00:00:00-05:00,2025-12-12 00:00:00-05:00,,,2026-01-06T16:00:00-05:00,2,1D,1D supply 516.67-528.19 DBD; 1D supply 513.37-525.98 DBD,1D,2025-12-11T00:00:00-05:00
CRWD,1D,supply,DBD,2025-11-17T00:00:00-05:00,540.67,529.78,537.0,540.67,526.58,529.78,14.09,0.66,0.0,-0.99,2.23,1.21,multiple_tests,2,False,5.7,2025-11-18T00:00:00-05:00,2025-11-18 00:00:00-05:00,,2025-12-09T00:00:00-05:00,2026-01-06T16:00:00-05:00,1,1D,1D supply 529.78-540.67 DBD,1D,2025-11-17T00:00:00-05:00
CRWD,1D,supply,RBD,2025-11-11T00:00:00-05:00,558.5,555.22,555.22,558.5,551.21,556.73,7.29,0.62,1.13,-0.73,10.09,0.92,fresh,0,False,7.65,2025-11-12T00:00:00-05:00,2025-11-12 00:00:00-05:00,,,2026-01-06T16:00:00-05:00,1,1D,1D supply 555.22-558.50 RBD,1D,2025-11-11T00:00:00-05:00
GOOGL,1D,demand,RBR,2025-08-07T00:00:00-04:00,197.06,193.88,197.06,197.54,194.33,196.52,3.21,0.68,0.49,1.31,7.78,1.01,one_test,1,False,7.32,2025-08-08T00:00:00-04:00,2025-08-08 00:00:00-04:00,,2025-08-20T00:00:00-04:00,2026-01-06T16:00:00-05:00,2,1D,1D demand 194.33-197.06 RBR; 1D demand 193.88-194.71 RBR,1D,2025-08-07T00:00:00-04:00
GOOGL,1D,demand,DBR/RBR,2025-08-21T00:00:00-04:00,201.0,199.07,199.75,202.48,199.43,199.75,3.05,0.63,-0.47,1.64,336.0,1.37,fresh,0,False,9.51,2025-08-22T00:00:00-04:00,2025-08-22 00:00:00-04:00,,,2026-01-06T16:00:00-05:00,2,1D,1D demand 199.43-199.75 DBR; 1D demand 199.07-201.00 RBR,1D,2025-08-21T00:00:00-04:00
GOOGL,1D,demand,DBR/RBR,2025-08-27T00:00:00-04:00,207.51,205.65,205.7,208.91,205.65,207.48,3.26,0.77,-0.25,1.01,2.47,1.08,one_test,1,False,7.09,2025-08-28T00:00:00-04:00,2025-08-28 00:00:00-04:00,,2025-09-02T00:00:00-04:00,2026-01-06T16:00:00-05:00,2,1D,1D demand 205.65-207.48 RBR; 1D demand 205.70-207.51 DBR,1D,2025-08-27T00:00:00-04:00
GOOGL,1D,demand,RBR,2025-09-08T00:00:00-04:00,235.47,233.67,235.47,238.13,233.67,234.04,4.46,0.91,0.39,1.24,3.82,1.07,fresh,0,False,8.31,2025-09-09T00:00:00-04:00,2025-09-09 00:00:00-04:00,,,2026-01-06T16:00:00-05:00,1,1D,1D demand 233.67-235.47 RBR,1D,2025-09-08T00:00:00-04:00
GOOGL,1D,demand,RBR,2025-10-14T00:00:00-04:00,245.45,240.51,241.23,247.12,240.51,245.45,6.61,0.74,1.67,1.05,1.32,0.91,one_test,1,False,6.46,2025-10-15T00:00:00-04:00,2025-10-15 00:00:00-04:00,,2025-10-21T00:00:00-04:00,2026-01-06T16:00:00-05:00,1,1D,1D demand 240.51-245.45 RBR,1D,2025-10-14T00:00:00-04:00
GOOGL,1D,demand,RBR,2025-10-23T00:00:00-04:00,253.08,250.1,252.98,255.04,251.85,253.08,3.19,0.71,0.45,1.19,33.4,1.02,fresh,0,False,8.71,2025-10-24T00:00:00-04:00,2025-10-24 00:00:00-04:00,,,2026-01-06T16:00:00-05:00,2,1D,1D demand 251.85-253.08 RBR; 1D demand 250.10-251.76 RBR,1D,2025-10-23T00:00:00-04:00
GOOGL,1D,demand,RBR,2025-10-24T00:00:00-04:00,259.92,255.31,256.58,261.68,255.31,259.92,6.37,1.0,1.39,1.58,2.8,1.23,fresh,0,False,8.81,2025-10-27T00:00:00-04:00,2025-10-27 00:00:00-04:00,,,2026-01-06T16:00:00-05:00,1,1D,1D demand 255.31-259.92 RBR,1D,2025-10-24T00:00:00-04:00
GOOGL,1D,demand,RBR,2025-10-28T00:00:00-04:00,269.69,266.5,269.69,270.73,266.5,267.47,4.23,1.04,1.3,1.23,3.07,1.52,fresh,0,False,8.75,2025-10-29T00:00:00-04:00,2025-10-29 00:00:00-04:00,,,2026-01-06T16:00:00-05:00,1,1D,1D demand 266.50-269.69 RBR,1D,2025-10-28T00:00:00-04:00
GOOGL,1D,demand,DBR,2025-11-14T00:00:00-05:00,277.54,270.7,271.4,278.56,270.7,276.41,7.86,0.94,-1.49,1.24,1.72,1.56,fresh,0,False,9.3,2025-11-17T00:00:00-05:00,2025-11-17 00:00:00-05:00,,,2026-01-06T16:00:00-05:00,2,1D,1D demand 270.70-276.41 DBR; 1D demand 276.26-277.54 DBR,1D,2025-11-14T00:00:00-05:00
GOOGL,1D,demand,DBR/RBR,2025-12-18T00:00:00-05:00,302.46,293.85,301.72,303.96,299.23,302.46,4.73,0.76,-0.48,0.55,7.34,1.36,fresh,0,False,8.41,2025-12-19T00:00:00-05:00,2025-12-19 00:00:00-05:00,,,2026-01-06T16:00:00-05:00,2,1D,1D demand 299.23-302.46 DBR; 1D demand 293.85-299.66 RBR,1D,2025-12-18T00:00:00-05:00
GOOGL,1D,demand,RBR,2025-12-22T00:00:00-05:00,309.88,305.3,309.88,310.13,305.3,309.78,4.83,0.64,0.95,0.59,49.74,0.61,fresh,0,False,7.2,2025-12-23T00:00:00-05:00,2025-12-23 00:00:00-05:00,,,2026-01-06T16:00:00-05:00,1,1D,1D demand 305.30-309.88 RBR,1D,2025-12-22T00:00:00-05:00
GOOGL,1D,supply,DBD/RBD,2025-12-05T00:00:00-05:00,324.5,319.49,319.49,323.16,319.17,321.27,4.0,0.64,0.19,-0.85,3.56,0.75,multiple_tests,4,False,5.6,2025-12-08T00:00:00-05:00,2025-12-08 00:00:00-05:00,,2026-01-06T00:00:00-05:00,2026-01-06T16:00:00-05:00,2,1D,1D supply 319.49-323.16 RBD; 1D supply 319.95-324.50 DBD,1D,2025-12-05T00:00:00-05:00
HIMS,1D,demand,RBR,2026-01-02T00:00:00-05:00,33.41,32.05,33.0,33.73,32.05,33.41,1.68,1.07,0.23,0.81,3.17,1.38,fresh,0,False,8.19,2026-01-05T00:00:00-05:00,2026-01-05 00:00:00-05:00,,,2026-01-06T16:00:00-05:00,1,1D,1D demand 32.05-33.41 RBR,1D,2026-01-02T00:00:00-05:00
HIMS,1D,supply,RBD,2025-12-16T00:00:00-05:00,36.9,36.01,36.01,36.9,35.41,36.86,1.49,0.65,-0.17,-0.94,2.05,0.72,multiple_tests,2,False,5.16,2025-12-17T00:00:00-05:00,2025-12-17 00:00:00-05:00,,2025-12-22T00:00:00-05:00,2026-01-06T16:00:00-05:00,1,1D,1D supply 36.01-36.90 RBD,1D,2025-12-16T00:00:00-05:00
HIMS,1D,supply,DBD,2025-12-12T00:00:00-05:00,38.88,37.21,37.6,38.88,36.85,37.21,2.03,0.58,-0.31,-0.44,4.03,0.63,one_test,1,False,5.57,2025-12-15T00:00:00-05:00,2025-12-15 00:00:00-05:00,,2025-12-17T00:00:00-05:00,2026-01-06T16:00:00-05:00,1,1D,1D supply 37.21-38.88 DBD,1D,2025-12-12T00:00:00-05:00
HIMS,1D,supply,DBD,2025-11-12T00:00:00-05:00,40.25,39.02,39.61,40.25,38.26,39.02,1.99,0.74,-0.66,-0.97,4.86,1.17,multiple_tests,7,False,5.64,2025-11-13T00:00:00-05:00,2025-11-13 00:00:00-05:00,,2025-12-10T00:00:00-05:00,2026-01-06T16:00:00-05:00,1,1D,1D supply 39.02-40.25 DBD,1D,2025-11-12T00:00:00-05:00
HIMS,1D,supply,RBD,2025-12-09T00:00:00-05:00,40.74,39.04,39.04,40.74,38.93,39.82,1.81,0.63,0.27,-0.86,2.27,0.82,fresh,0,False,7.68,2025-12-10T00:00:00-05:00,2025-12-10 00:00:00-05:00,,,2026-01-06T16:00:00-05:00,1,1D,1D supply 39.04-40.74 RBD,1D,2025-12-09T00:00:00-05:00
HIMS,1D,supply,DBD,2025-11-07T00:00:00-05:00,41.27,40.74,40.74,41.27,39.34,41.03,1.93,0.92,-0.76,0.01,4.98,0.69,multiple_tests,3,False,4.2,2025-11-10T00:00:00-05:00,2025-11-10 00:00:00-05:00,,2025-12-09T00:00:00-05:00,2026-01-06T16:00:00-05:00,1,1D,1D supply 40.74-41.27 DBD,1D,2025-11-07T00:00:00-05:00
HIMS,1D,supply,RBD,2025-11-05T00:00:00-05:00,46.82,43.73,44.1,46.82,43.68,43.73,3.14,1.19,-0.18,-0.59,6.7,1.42,fresh,0,False,8.01,2025-11-06T00:00:00-05:00,2025-11-06 00:00:00-05:00,,,2026-01-06T16:00:00-05:00,1,1D,1D supply 43.73-46.82 RBD,1D,2025-11-05T00:00:00-05:00
HIMS,1D,supply,RBD,2025-10-31T00:00:00-04:00,47.24,45.37,45.37,47.24,45.0,45.46,2.24,0.78,-0.33,-0.3,26.42,1.44,multiple_tests,2,False,5.24,2025-11-03T00:00:00-05:00,2025-11-03 00:00:00-05:00,,2025-11-05T00:00:00-05:00,2026-01-06T16:00:00-05:00,1,1D,1D supply 45.37-47.24 RBD,1D,2025-10-31T00:00:00-04:00
HIMS,1D,supply,DBD,2025-10-29T00:00:00-04:00,48.45,46.63,47.07,48.45,46.03,46.63,2.42,0.67,-0.42,-0.68,4.57,0.58,multiple_tests,4,False,4.76,2025-10-30T00:00:00-04:00,2025-10-30 00:00:00-04:00,,2025-11-05T00:00:00-05:00,2026-01-06T16:00:00-05:00,1,1D,1D supply 46.63-48.45 DBD,1D,2025-10-29T00:00:00-04:00
HIMS,1D,supply,RBD,2025-10-23T00:00:00-04:00,48.59,48.02,48.02,48.59,46.89,48.49,1.7,0.6,-0.22,0.07,2.47,0.52,multiple_tests,4,False,4.09,2025-10-24T00:00:00-04:00,2025-10-24 00:00:00-04:00,,2025-11-04T00:00:00-05:00,2026-01-06T16:00:00-05:00,1,1D,1D supply 48.02-48.59 RBD,1D,2025-10-23T00:00:00-04:00
HIMS,1D,supply,DBD,2025-10-20T00:00:00-04:00,52.41,51.36,51.37,52.41,50.22,51.36,2.19,0.98,-1.87,-0.48,147.0,0.97,fresh,0,False,7.45,2025-10-21T00:00:00-04:00,2025-10-21 00:00:00-04:00,,,2026-01-06T16:00:00-05:00,1,1D,1D supply 51.36-52.41 DBD,1D,2025-10-20T00:00:00-04:00
HIMS,1D,supply,DBD,2025-08-04T00:00:00-04:00,65.59,63.35,63.8,65.59,62.3,63.35,3.29,1.15,-0.74,-2.04,17.21,3.24,multiple_tests,2,False,8.54,2025-08-05T00:00:00-04:00,2025-08-05 00:00:00-04:00,,2025-10-16T00:00:00-04:00,2026-01-06T16:00:00-05:00,1,1D,1D supply 63.35-65.59 DBD,1D,2025-08-04T00:00:00-04:00
HOOD,1D,demand,DBR,2025-09-03T00:00:00-04:00,101.59,99.41,101.59,102.69,99.41,100.82,3.28,0.66,-0.59,0.38,2.81,0.84,one_test,1,False,5.72,2025-09-04T00:00:00-04:00,2025-09-04 00:00:00-04:00,,2025-09-05T00:00:00-04:00,2026-01-06T16:00:00-05:00,1,1D,1D demand 99.41-101.59 DBR,1D,2025-09-03T00:00:00-04:00
HOOD,1D,demand,DBR,2025-11-21T00:00:00-05:00,107.84,102.1,107.84,109.99,102.1,107.3,7.89,1.36,-1.35,0.95,9.36,1.04,fresh,0,False,7.99,2025-11-24T00:00:00-05:00,2025-11-24 00:00:00-05:00,,,2026-01-06T16:00:00-05:00,1,1D,1D demand 102.10-107.84 DBR,1D,2025-11-21T00:00:00-05:00
HOOD,1D,demand,RBR,2025-11-25T00:00:00-05:00,115.57,109.19,112.47,116.81,109.19,115.57,7.62,0.73,0.99,1.51,2.21,1.56,multiple_tests,4,False,6.57,2025-11-26T00:00:00-05:00,2025-11-26 00:00:00-05:00,,2026-01-02T00:00:00-05:00,2026-01-06T16:00:00-05:00,1,1D,1D demand 109.19-115.57 RBR,1D,2025-11-25T00:00:00-05:00
HOOD,1D,demand,RBR,2026-01-02T00:00:00-05:00,115.48,110.41,115.48,116.03,110.41,115.21,5.62,1.16,-0.05,1.55,19.85,1.17,fresh,0,False,8.72,2026-01-05T00:00:00-05:00,2026-01-05 00:00:00-05:00,,,2026-01-06T16:00:00-05:00,1,1D,1D demand 110.41-115.48 RBR,1D,2026-01-02T00:00:00-05:00
HOOD,1D,supply,DBD/RBD,2025-12-10T00:00:00-05:00,138.99,135.26,135.26,137.46,133.43,135.66,4.03,0.64,-0.11,-1.69,20.99,1.58,fresh,0,False,9.77,2025-12-11T00:00:00-05:00,2025-12-11 00:00:00-05:00,,,2026-01-06T16:00:00-05:00,2,1D,1D supply 135.26-137.46 DBD; 1D supply 135.45-138.99 RBD,1D,2025-12-10T00:00:00-05:00
HOOD,1D,supply,DBD/RBD,2025-10-29T00:00:00-04:00,148.11,144.8,146.0,147.72,142.74,144.8,4.98,0.75,-0.15,-0.96,3.6,0.74,multiple_tests,2,False,5.7,2025-10-30T00:00:00-04:00,2025-10-30 00:00:00-04:00,,2025-11-03T00:00:00-05:00,2026-01-06T16:00:00-05:00,2,1D,1D supply 144.80-147.72 DBD; 1D supply 146.00-148.11 RBD,1D,2025-10-29T00:00:00-04:00
HOOD,1D,supply,RBD,2025-11-03T00:00:00-05:00,149.41,147.08,148.79,149.41,142.5,147.08,6.91,0.69,1.28,-1.46,6.01,1.07,fresh,0,False,8.53,2025-11-04T00:00:00-05:00,2025-11-04 00:00:00-05:00,,,2026-01-06T16:00:00-05:00,1,1D,1D supply 147.08-149.41 RBD,1D,2025-11-03T00:00:00-05:00
HOOD,1D,supply,RBD,2025-10-09T00:00:00-04:00,153.08,150.51,150.51,153.08,147.3,152.46,5.78,0.46,1.3,-2.35,6.43,0.99,fresh,0,False,9.34,2025-10-10T00:00:00-04:00,2025-10-10 00:00:00-04:00,,,2026-01-06T16:00:00-05:00,1,1D,1D supply 150.51-153.08 RBD,1D,2025-10-09T00:00:00-04:00
INTC,1D,demand,DBR,2025-08-04T00:00:00-04:00,19.52,19.35,19.52,19.59,19.35,19.5,0.24,0.85,-0.46,1.05,32.67,1.19,fresh,0,False,8.24,2025-08-05T00:00:00-04:00,2025-08-05 00:00:00-04:00,,,2026-01-06T16:00:00-05:00,1,1D,1D demand 19.35-19.52 DBR,1D,2025-08-04T00:00:00-04:00
INTC,1D,demand,DBR,2025-08-08T00:00:00-04:00,20.0,19.61,20.0,20.02,19.61,19.95,0.41,0.88,-0.72,1.1,4.1,2.05,fresh,0,False,9.15,2025-08-11T00:00:00-04:00,2025-08-11 00:00:00-04:00,,,2026-01-06T16:00:00-05:00,1,1D,1D demand 19.61-20.00 DBR,1D,2025-08-08T00:00:00-04:00
INTC,1D,demand,DBR,2025-08-21T00:00:00-04:00,23.52,22.77,23.52,23.57,22.77,23.5,0.8,0.7,-1.89,1.35,46.0,1.44,fresh,0,False,8.79,2025-08-22T00:00:00-04:00,2025-08-22 00:00:00-04:00,,,2026-01-06T16:00:00-05:00,1,1D,1D demand 22.77-23.52 DBR,1D,2025-08-21T00:00:00-04:00
INTC,1D,demand,DBR,2025-09-03T00:00:00-04:00,24.09,23.72,24.09,24.09,23.72,24.0,0.37,0.36,-0.33,0.57,8.44,0.44,one_test,1,False,5.51,2025-09-04T00:00:00-04:00,2025-09-04 00:00:00-04:00,,2025-09-12T00:00:00-04:00,2026-01-06T16:00:00-05:00,1,1D,1D demand 23.72-24.09 DBR,1D,2025-09-03T00:00:00-04:00
INTC,1D,demand,DBR,2025-09-30T00:00:00-04:00,33.93,33.02,33.93,34.23,33.02,33.55,1.21,0.95,-1.67,2.05,6.34,1.23,multiple_tests,3,False,6.78,2025-10-01T00:00:00-04:00,2025-10-01 00:00:00-04:00,,2025-11-21T00:00:00-05:00,2026-01-06T16:00:00-05:00,1,1D,1D demand 33.02-33.93 DBR,1D,2025-09-30T00:00:00-04:00
INTC,1D,demand,DBR,2025-11-18T00:00:00-05:00,34.33,33.57,34.25,34.76,33.57,34.33,1.19,0.63,-0.7,0.46,9.75,0.68,multiple_tests,2,False,4.64,2025-11-19T00:00:00-05:00,2025-11-19 00:00:00-05:00,,2025-11-21T00:00:00-05:00,2026-01-06T16:00:00-05:00,1,1D,1D demand 33.57-34.33 DBR,1D,2025-11-18T00:00:00-05:00
INTC,1D,demand,RBR,2025-11-25T00:00:00-05:00,35.83,34.68,35.55,36.13,34.68,35.83,1.45,0.77,0.85,0.63,2.18,0.68,multiple_tests,3,False,4.81,2025-11-26T00:00:00-05:00,2025-11-26 00:00:00-05:00,,2025-12-29T00:00:00-05:00,2026-01-06T16:00:00-05:00,1,1D,1D demand 34.68-35.83 RBR,1D,2025-11-25T00:00:00-05:00
INTC,1D,demand,DBR/RBR,2025-12-26T00:00:00-05:00,36.35,35.85,36.17,36.49,35.85,36.2,0.64,0.37,-0.09,0.28,22.33,0.48,fresh,0,False,7.26,2025-12-29T00:00:00-05:00,2025-12-29 00:00:00-05:00,,,2026-01-06T16:00:00-05:00,2,1D,1D demand 35.85-36.20 RBR; 1D demand 36.03-36.35 DBR,1D,2025-12-26T00:00:00-05:00
INTC,1D,supply,DBD,2025-12-11T00:00:00-05:00,40.19,39.51,40.07,40.19,39.08,39.51,1.11,0.69,-0.53,-0.9,2.56,1.02,multiple_tests,3,False,5.42,2025-12-12T00:00:00-05:00,2025-12-12 00:00:00-05:00,,2026-01-06T00:00:00-05:00,2026-01-06T16:00:00-05:00,1,1D,1D supply 39.51-40.19 DBD,1D,2025-12-11T00:00:00-05:00
INTC,1D,supply,DBD,2025-12-05T00:00:00-05:00,42.83,41.16,41.16,42.83,41.15,41.41,1.68,1.2,-1.33,-0.63,6.41,1.1,multiple_tests,2,False,5.23,2025-12-08T00:00:00-05:00,2025-12-08 00:00:00-05:00,,2026-01-05T00:00:00-05:00,2026-01-06T16:00:00-05:00,1,1D,1D supply 41.16-42.83 DBD,1D,2025-12-05T00:00:00-05:00
INTC,1D,supply,RBD,2025-12-03T00:00:00-05:00,44.02,43.38,43.38,44.02,42.51,43.76,1.51,1.11,2.14,-1.86,7.36,1.3,fresh,0,False,9.16,2025-12-04T00:00:00-05:00,2025-12-04 00:00:00-05:00,,,2026-01-06T16:00:00-05:00,1,1D,1D supply 43.38-44.02 RBD,1D,2025-12-03T00:00:00-05:00
IONQ,1D,demand,RBR,2025-08-21T00:00:00-04:00,37.25,36.45,37.25,37.38,36.45,37.17,0.93,0.53,0.15,1.04,33.5,0.8,fresh,0,False,7.84,2025-08-22T00:00:00-04:00,2025-08-22 00:00:00-04:00,,,2026-01-06T16:00:00-05:00,1,1D,1D demand 36.45-37.25 RBR,1D,2025-08-21T00:00:00-04:00
IONQ,1D,demand,DBR,2025-11-21T00:00:00-05:00,42.56,38.0,42.56,42.76,38.0,41.71,4.76,1.13,-1.29,1.06,4.72,1.56,fresh,0,False,8.62,2025-11-24T00:00:00-05:00,2025-11-24 00:00:00-05:00,,,2026-01-06T16:00:00-05:00,1,1D,1D demand 38.00-42.56 DBR,1D,2025-11-21T00:00:00-05:00
IONQ,1D,demand,DBR,2025-09-08T00:00:00-04:00,42.09,40.38,42.09,42.59,40.38,41.01,2.21,0.69,-0.47,1.27,2.42,1.17,multiple_tests,2,False,5.94,2025-09-09T00:00:00-04:00,2025-09-09 00:00:00-04:00,,2025-11-21T00:00:00-05:00,2026-01-06T16:00:00-05:00,1,1D,1D demand 40.38-42.09 DBR,1D,2025-09-08T00:00:00-04:00
IONQ,1D,demand,RBR,2025-08-27T00:00:00-04:00,41.42,40.77,41.02,42.67,40.77,41.42,1.9,0.94,1.14,0.78,4.38,0.88,multiple_tests,8,False,5.16,2025-08-28T00:00:00-04:00,2025-08-28 00:00:00-04:00,,2025-11-21T00:00:00-05:00,2026-01-06T16:00:00-05:00,1,1D,1D demand 40.77-41.42 RBR,1D,2025-08-27T00:00:00-04:00
IONQ,1D,supply,DBD,2025-12-24T00:00:00-05:00,51.88,49.82,51.7,51.88,48.73,49.82,3.15,0.58,-1.11,-1.05,2.03,1.11,multiple_tests,2,False,5.66,2025-12-26T00:00:00-05:00,2025-12-26 00:00:00-05:00,,2026-01-06T00:00:00-05:00,2026-01-06T16:00:00-05:00,1,1D,1D supply 49.82-51.88 DBD,1D,2025-12-24T00:00:00-05:00
IONQ,1D,supply,RBD,2025-12-09T00:00:00-05:00,55.66,53.8,53.8,55.66,52.93,54.44,2.73,0.59,0.43,-0.68,2.41,0.68,multiple_tests,2,False,4.86,2025-12-10T00:00:00-05:00,2025-12-10 00:00:00-05:00,,2025-12-23T00:00:00-05:00,2026-01-06T16:00:00-05:00,1,1D,1D supply 53.80-55.66 RBD,1D,2025-12-09T00:00:00-05:00
IONQ,1D,supply,DBD,2025-11-11T00:00:00-05:00,56.03,54.42,54.57,56.03,53.72,54.42,2.31,0.59,-0.93,-0.71,27.0,0.78,multiple_tests,5,False,4.99,2025-11-12T00:00:00-05:00,2025-11-12 00:00:00-05:00,,2025-12-23T00:00:00-05:00,2026-01-06T16:00:00-05:00,1,1D,1D supply 54.42-56.03 DBD,1D,2025-11-11T00:00:00-05:00
IONQ,1D,supply,DBD,2025-11-03T00:00:00-05:00,62.69,58.4,62.35,62.69,56.56,58.4,6.13,0.71,-0.29,-0.82,1.27,0.66,multiple_tests,3,False,4.98,2025-11-04T00:00:00-05:00,2025-11-04 00:00:00-05:00,,2025-11-10T00:00:00-05:00,2026-01-06T16:00:00-05:00,1,1D,1D supply 58.40-62.69 DBD,1D,2025-11-03T00:00:00-05:00
IONQ,1D,supply,RBD,2025-10-31T00:00:00-04:00,62.97,61.0,61.0,62.97,59.96,62.38,3.01,0.56,0.2,-0.64,2.86,0.7,fresh,0,False,7.34,2025-11-03T00:00:00-05:00,2025-11-03 00:00:00-05:00,,,2026-01-06T16:00:00-05:00,1,1D,1D supply 61.00-62.97 RBD,1D,2025-10-31T00:00:00-04:00
IONQ,1D,supply,RBD,2025-10-27T00:00:00-04:00,65.5,62.8,63.0,65.5,62.28,62.8,3.22,0.72,0.55,-0.9,28.25,0.99,one_test,1,False,6.39,2025-10-28T00:00:00-04:00,2025-10-28 00:00:00-04:00,,2025-10-31T00:00:00-04:00,2026-01-06T16:00:00-05:00,1,1D,1D supply 62.80-65.50 RBD,1D,2025-10-27T00:00:00-04:00
IONQ,1D,supply,DBD,2025-10-17T00:00:00-04:00,65.72,62.94,65.4,65.72,61.21,62.94,4.51,0.93,-1.49,-0.47,2.18,0.79,multiple_tests,4,False,4.76,2025-10-20T00:00:00-04:00,2025-10-20 00:00:00-04:00,,2025-10-31T00:00:00-04:00,2026-01-06T16:00:00-05:00,1,1D,1D supply 62.94-65.72 DBD,1D,2025-10-17T00:00:00-04:00
IONQ,1D,supply,RBD,2025-10-14T00:00:00-04:00,81.08,77.55,79.85,81.08,75.92,77.55,5.16,0.9,1.14,-0.85,3.27,0.82,fresh,0,False,7.67,2025-10-15T00:00:00-04:00,2025-10-15 00:00:00-04:00,,,2026-01-06T16:00:00-05:00,1,1D,1D supply 77.55-81.08 RBD,1D,2025-10-14T00:00:00-04:00
META,1D,demand,RBR,2025-11-21T00:00:00-05:00,594.25,581.86,588.5,598.12,581.86,594.25,16.26,0.78,0.22,1.04,2.49,0.88,fresh,0,False,7.92,2025-11-24T00:00:00-05:00,2025-11-24 00:00:00-05:00,,,2026-01-06T16:00:00-05:00,1,1D,1D demand 581.86-594.25 RBR,1D,2025-11-21T00:00:00-05:00
META,1D,demand,DBR/RBR,2025-12-15T00:00:00-05:00,650.13,631.63,645.7,653.0,638.7,647.51,14.3,0.87,-0.31,0.57,7.54,0.8,one_test,1,False,7.37,2025-12-16T00:00:00-05:00,2025-12-16 00:00:00-05:00,,2026-01-02T00:00:00-05:00,2026-01-06T16:00:00-05:00,4,1D,1D demand 638.70-647.51 RBR; 1D demand 631.63-637.69 RBR; 1D demand 637.76-640.87 RBR; 1D demand 643.40-650.13 DBR,1D,2025-12-15T00:00:00-05:00
META,1D,demand,DBR,2025-12-17T00:00:00-05:00,655.61,649.2,655.61,661.23,649.2,649.5,12.03,0.91,0.12,0.89,2.45,1.18,multiple_tests,4,False,5.57,2025-12-18T00:00:00-05:00,2025-12-18 00:00:00-05:00,,2026-01-06T00:00:00-05:00,2026-01-06T16:00:00-05:00,1,1D,1D demand 649.20-655.61 DBR,1D,2025-12-17T00:00:00-05:00
META,1D,supply,RBD,2025-12-08T00:00:00-05:00,676.71,666.8,669.34,676.71,665.07,666.8,11.64,0.69,0.35,-0.66,2.68,0.68,multiple_tests,7,False,4.84,2025-12-09T00:00:00-05:00,2025-12-09 00:00:00-05:00,,2025-12-30T00:00:00-05:00,2026-01-06T16:00:00-05:00,1,1D,1D supply 666.80-676.71 RBD,1D,2025-12-08T00:00:00-05:00
META,1D,supply,RBD,2025-10-28T00:00:00-04:00,761.11,751.44,752.63,758.4,745.52,751.44,12.88,1.02,0.87,0.02,2.59,2.24,fresh,0,False,8.76,2025-10-29T00:00:00-04:00,2025-10-29 00:00:00-04:00,,,2026-01-06T16:00:00-05:00,2,1D,1D supply 751.44-758.40 RBD; 1D supply 757.50-761.11 RBD,1D,2025-10-28T00:00:00-04:00
META,1D,supply,RBD,2025-09-18T00:00:00-04:00,796.25,780.25,780.75,788.78,773.36,780.25,15.42,1.14,0.09,-0.14,16.08,2.46,one_test,1,False,7.6,2025-09-19T00:00:00-04:00,2025-09-19 00:00:00-04:00,,2025-09-22T00:00:00-04:00,2026-01-06T16:00:00-05:00,2,1D,1D supply 780.25-788.78 RBD; 1D supply 784.15-796.25 RBD,1D,2025-09-18T00:00:00-04:00
MSFT,1D,demand,DBR,2026-01-05T00:00:00-05:00,475.0,468.02,474.06,476.07,469.5,472.85,6.57,1.13,-1.67,0.88,3.91,1.03,fresh,0,False,8.41,2026-01-06T00:00:00-05:00,2026-01-06 00:00:00-05:00,,,2026-01-06T16:00:00-05:00,2,1D,1D demand 469.50-474.06 DBR; 1D demand 468.02-475.00 DBR,1D,2026-01-05T00:00:00-05:00
MSFT,1D,supply,RBD,2025-12-30T00:00:00-05:00,493.5,485.93,485.93,489.68,485.5,487.48,4.18,0.61,-0.04,-0.62,2.72,0.68,fresh,0,False,7.8,2025-12-31T00:00:00-05:00,2025-12-31 00:00:00-05:00,,,2026-01-06T16:00:00-05:00,2,1D,1D supply 485.93-489.68 RBD; 1D supply 486.71-493.50 RBD,1D,2025-12-30T00:00:00-05:00
MSFT,1D,supply,DBD/RBD,2025-11-17T00:00:00-05:00,515.55,507.49,508.45,512.12,504.91,507.49,7.21,0.79,0.46,-1.51,14.27,1.39,fresh,0,False,9.4,2025-11-18T00:00:00-05:00,2025-11-18 00:00:00-05:00,,,2026-01-06T16:00:00-05:00,2,1D,1D supply 507.49-512.12 RBD; 1D supply 511.76-515.55 DBD,1D,2025-11-17T00:00:00-05:00
MSFT,1D,supply,RBD,2025-10-29T00:00:00-04:00,546.27,541.55,544.94,546.27,536.73,541.55,9.54,1.94,1.28,-2.01,4.66,2.21,fresh,0,False,10.22,2025-10-30T00:00:00-04:00,2025-10-30 00:00:00-04:00,,,2026-01-06T16:00:00-05:00,1,1D,1D supply 541.55-546.27 RBD,1D,2025-10-29T00:00:00-04:00
MSTR,1D,demand,RBR,2026-01-02T00:00:00-05:00,157.16,149.75,154.59,160.79,149.75,157.16,11.04,1.13,0.17,0.84,2.94,1.28,one_test,1,False,6.62,2026-01-05T00:00:00-05:00,2026-01-05 00:00:00-05:00,,2026-01-06T00:00:00-05:00,2026-01-06T16:00:00-05:00,1,1D,1D demand 149.75-157.16 RBR,1D,2026-01-02T00:00:00-05:00
MSTR,1D,supply,RBD,2026-01-05T00:00:00-05:00,167.75,163.4,163.41,167.7,160.96,164.72,6.74,1.26,1.43,-0.75,6.83,1.25,fresh,0,False,8.5,2026-01-06T00:00:00-05:00,2026-01-06 00:00:00-05:00,,,2026-01-06T16:00:00-05:00,2,1D,1D supply 163.41-167.70 RBD; 1D supply 163.40-167.75 RBD,1D,2026-01-05T00:00:00-05:00
MSTR,1D,supply,DBD,2025-12-16T00:00:00-05:00,171.49,164.97,164.97,171.49,161.95,167.5,9.54,0.91,-0.68,-0.54,2.91,0.82,multiple_tests,5,False,4.86,2025-12-17T00:00:00-05:00,2025-12-17 00:00:00-05:00,,2026-01-06T00:00:00-05:00,2026-01-06T16:00:00-05:00,1,1D,1D supply 164.97-171.49 DBD,1D,2025-12-16T00:00:00-05:00
MSTR,1D,supply,DBD,2025-12-04T00:00:00-05:00,191.0,186.01,186.02,191.0,182.35,186.01,8.65,0.78,0.31,-0.47,434.5,0.98,multiple_tests,2,False,4.95,2025-12-05T00:00:00-05:00,2025-12-05 00:00:00-05:00,,2025-12-10T00:00:00-05:00,2026-01-06T16:00:00-05:00,1,1D,1D supply 186.01-191.00 DBD,1D,2025-12-04T00:00:00-05:00
MSTR,1D,supply,DBD,2025-11-12T00:00:00-05:00,234.84,224.61,233.9,234.84,219.8,224.61,15.04,0.94,-1.05,-1.18,1.73,1.44,fresh,0,False,8.62,2025-11-13T00:00:00-05:00,2025-11-13 00:00:00-05:00,,,2026-01-06T16:00:00-05:00,1,1D,1D supply 224.61-234.84 DBD,1D,2025-11-12T00:00:00-05:00
MSTR,1D,supply,DBD,2025-11-05T00:00:00-05:00,255.36,250.2,250.2,255.36,247.02,255.0,8.34,0.85,-0.72,-1.33,3.11,1.27,fresh,0,False,8.6,2025-11-06T00:00:00-05:00,2025-11-06 00:00:00-05:00,,,2026-01-06T16:00:00-05:00,1,1D,1D supply 250.20-255.36 DBD,1D,2025-11-05T00:00:00-05:00
MSTR,1D,supply,RBD,2025-11-03T00:00:00-05:00,270.36,264.19,264.19,270.36,259.85,264.67,10.51,0.94,0.69,-1.21,17.02,1.34,fresh,0,False,8.55,2025-11-04T00:00:00-05:00,2025-11-04 00:00:00-05:00,,,2026-01-06T16:00:00-05:00,1,1D,1D supply 264.19-270.36 RBD,1D,2025-11-03T00:00:00-05:00
MSTR,1D,supply,RBD,2025-10-24T00:00:00-04:00,292.15,289.08,290.43,292.15,286.11,289.08,6.04,0.66,0.56,0.45,2.87,0.69,one_test,1,False,5.64,2025-10-27T00:00:00-04:00,2025-10-27 00:00:00-04:00,,2025-10-28T00:00:00-04:00,2026-01-06T16:00:00-05:00,1,1D,1D supply 289.08-292.15 RBD,1D,2025-10-24T00:00:00-04:00
MSTR,1D,supply,RBD,2025-10-21T00:00:00-04:00,305.99,293.95,293.95,305.99,291.52,301.91,14.47,0.64,0.79,-1.38,2.65,1.22,multiple_tests,2,False,6.1,2025-10-22T00:00:00-04:00,2025-10-22 00:00:00-04:00,,2025-10-28T00:00:00-04:00,2026-01-06T16:00:00-05:00,1,1D,1D supply 293.95-305.99 RBD,1D,2025-10-21T00:00:00-04:00
MSTR,1D,supply,RBD,2025-10-27T00:00:00-04:00,299.8,295.63,299.5,299.8,293.0,295.63,6.8,0.7,0.76,-0.78,2.71,0.69,fresh,0,False,7.47,2025-10-28T00:00:00-04:00,2025-10-28 00:00:00-04:00,,,2026-01-06T16:00:00-05:00,1,1D,1D supply 295.63-299.80 RBD,1D,2025-10-27T00:00:00-04:00
MSTR,1D,supply,DBD,2025-10-15T00:00:00-04:00,308.88,296.76,303.6,308.88,294.62,296.76,14.26,0.82,-1.21,-0.83,2.35,1.06,multiple_tests,5,False,5.39,2025-10-16T00:00:00-04:00,2025-10-16 00:00:00-04:00,,2025-10-28T00:00:00-04:00,2026-01-06T16:00:00-05:00,1,1D,1D supply 296.76-308.88 DBD,1D,2025-10-15T00:00:00-04:00
MSTR,1D,supply,DBD,2025-10-14T00:00:00-04:00,312.71,300.67,301.0,312.71,297.34,300.67,15.37,0.88,-0.26,-0.25,20.73,0.82,multiple_tests,3,False,4.57,2025-10-15T00:00:00-04:00,2025-10-15 00:00:00-04:00,,2025-10-21T00:00:00-04:00,2026-01-06T16:00:00-05:00,1,1D,1D supply 300.67-312.71 DBD,1D,2025-10-14T00:00:00-04:00
MSTR,1D,supply,RBD,2025-10-13T00:00:00-04:00,315.95,306.67,306.67,315.95,300.59,315.47,15.36,0.9,-0.31,-0.96,1.68,0.89,one_test,1,False,6.35,2025-10-14T00:00:00-04:00,2025-10-14 00:00:00-04:00,,2025-10-15T00:00:00-04:00,2026-01-06T16:00:00-05:00,1,1D,1D supply 306.67-315.95 RBD,1D,2025-10-13T00:00:00-04:00
MSTR,1D,supply,RBD,2025-10-03T00:00:00-04:00,358.54,350.87,350.87,358.54,344.4,351.63,14.14,1.04,0.98,0.6,4.26,0.82,one_test,1,False,5.92,2025-10-06T00:00:00-04:00,2025-10-06 00:00:00-04:00,,2025-10-07T00:00:00-04:00,2026-01-06T16:00:00-05:00,1,1D,1D supply 350.87-358.54 RBD,1D,2025-10-03T00:00:00-04:00
MSTR,1D,supply,DBD/RBD,2025-10-06T00:00:00-04:00,367.57,359.69,362.95,365.21,354.7,359.69,10.51,0.82,0.55,-2.33,9.35,1.69,fresh,0,False,10.52,2025-10-07T00:00:00-04:00,2025-10-07 00:00:00-04:00,,,2026-01-06T16:00:00-05:00,2,1D,1D supply 359.69-365.21 RBD; 1D supply 359.94-367.57 DBD,1D,2025-10-06T00:00:00-04:00
MSTR,1D,supply,DBD,2025-08-13T00:00:00-04:00,399.44,389.9,397.73,399.44,383.55,389.9,15.89,1.0,-0.63,-1.03,2.17,1.52,fresh,0,False,8.55,2025-08-14T00:00:00-04:00,2025-08-14 00:00:00-04:00,,,2026-01-06T16:00:00-05:00,1,1D,1D supply 389.90-399.44 DBD,1D,2025-08-13T00:00:00-04:00
MU,1D,demand,RBR,2025-08-05T00:00:00-04:00,109.3,106.83,109.3,110.64,106.83,109.06,3.81,0.83,1.34,-0.09,3.67,0.61,fresh,0,False,6.7,2025-08-06T00:00:00-04:00,2025-08-06 00:00:00-04:00,,,2026-01-06T16:00:00-05:00,1,1D,1D demand 106.83-109.30 RBR,1D,2025-08-05T00:00:00-04:00
MU,1D,demand,RBR,2025-08-26T00:00:00-04:00,117.75,115.81,116.09,118.36,115.81,116.5,2.55,0.67,-0.3,0.32,2.2,0.82,one_test,1,False,6.14,2025-08-27T00:00:00-04:00,2025-08-27 00:00:00-04:00,,2025-09-02T00:00:00-04:00,2026-01-06T16:00:00-05:00,2,1D,1D demand 115.81-116.50 RBR; 1D demand 116.44-117.75 RBR,1D,2025-08-26T00:00:00-04:00
MU,1D,demand,RBR,2025-09-03T00:00:00-04:00,119.36,117.3,119.36,119.44,117.3,118.72,2.14,0.81,-0.07,1.4,8.37,1.06,fresh,0,False,8.46,2025-09-04T00:00:00-04:00,2025-09-04 00:00:00-04:00,,,2026-01-06T16:00:00-05:00,1,1D,1D demand 117.30-119.36 RBR,1D,2025-09-03T00:00:00-04:00
MU,1D,demand,RBR,2025-09-08T00:00:00-04:00,131.46,128.4,130.55,132.26,128.4,131.46,3.86,1.1,1.82,0.95,3.82,1.16,fresh,0,False,8.11,2025-09-09T00:00:00-04:00,2025-09-09 00:00:00-04:00,,,2026-01-06T16:00:00-05:00,1,1D,1D demand 128.40-131.46 RBR,1D,2025-09-08T00:00:00-04:00
MU,1D,demand,RBR,2025-09-10T00:00:00-04:00,140.02,138.34,140.02,142.24,138.34,140.0,3.9,1.51,2.16,2.68,142.5,2.95,fresh,0,False,11.63,2025-09-11T00:00:00-04:00,2025-09-11 00:00:00-04:00,,,2026-01-06T16:00:00-05:00,1,1D,1D demand 138.34-140.02 RBR,1D,2025-09-10T00:00:00-04:00
MU,1D,demand,DBR,2025-09-26T00:00:00-04:00,158.52,155.18,158.52,158.92,155.18,157.27,3.74,0.88,-0.89,1.33,3.12,0.97,fresh,0,False,8.3,2025-09-29T00:00:00-04:00,2025-09-29 00:00:00-04:00,,,2026-01-06T16:00:00-05:00,1,1D,1D demand 155.18-158.52 DBR,1D,2025-09-26T00:00:00-04:00
MU,1D,demand,RBR,2025-09-30T00:00:00-04:00,167.32,163.96,164.1,168.95,163.96,167.32,4.99,0.72,1.98,2.93,5.15,1.49,fresh,0,False,10.42,2025-10-01T00:00:00-04:00,2025-10-01 00:00:00-04:00,,,2026-01-06T16:00:00-05:00,1,1D,1D demand 163.96-167.32 RBR,1D,2025-09-30T00:00:00-04:00
MU,1D,demand,RBR,2025-10-02T00:00:00-04:00,184.96,181.21,184.96,186.18,181.21,183.75,4.97,0.85,2.85,0.71,2.17,0.99,multiple_tests,2,False,5.2,2025-10-03T00:00:00-04:00,2025-10-03 00:00:00-04:00,,2025-10-10T00:00:00-04:00,2026-01-06T16:00:00-05:00,1,1D,1D demand 181.21-184.96 RBR,1D,2025-10-02T00:00:00-04:00
MU,1D,demand,RBR,2025-10-15T00:00:00-04:00,192.47,187.42,192.47,192.88,187.42,191.94,5.46,0.61,-0.11,1.44,4.8,1.44,one_test,1,False,7.38,2025-10-16T00:00:00-04:00,2025-10-16 00:00:00-04:00,,2025-10-22T00:00:00-04:00,2026-01-06T16:00:00-05:00,1,1D,1D demand 187.42-192.47 RBR,1D,2025-10-15T00:00:00-04:00
MU,1D,demand,DBR,2025-12-04T00:00:00-05:00,230.28,223.33,230.28,234.16,223.33,226.65,10.83,0.87,-0.92,0.75,2.28,0.78,one_test,1,False,6.03,2025-12-05T00:00:00-05:00,2025-12-05 00:00:00-05:00,,2025-12-17T00:00:00-05:00,2026-01-06T16:00:00-05:00,1,1D,1D demand 223.33-230.28 DBR,1D,2025-12-04T00:00:00-05:00
MU,1D,demand,RBR,2025-12-23T00:00:00-05:00,276.27,272.32,275.92,281.86,272.32,276.27,9.54,0.79,0.88,0.88,24.8,0.71,fresh,0,False,7.59,2025-12-24T00:00:00-05:00,2025-12-24 00:00:00-05:00,,,2026-01-06T16:00:00-05:00,1,1D,1D demand 272.32-276.27 RBR,1D,2025-12-23T00:00:00-05:00
NET,1D,demand,RBR,2025-12-19T00:00:00-05:00,195.68,193.31,194.5,197.51,193.31,195.68,4.2,1.87,0.64,0.97,2.93,1.16,multiple_tests,3,False,5.63,2025-12-22T00:00:00-05:00,2025-12-22 00:00:00-05:00,,2026-01-06T00:00:00-05:00,2026-01-06T16:00:00-05:00,1,1D,1D demand 193.31-195.68 RBR,1D,2025-12-19T00:00:00-05:00
NET,1D,supply,DBD,2025-12-30T00:00:00-05:00,201.38,199.18,199.18,201.38,199.0,199.62,2.38,0.4,-0.48,-0.43,7.05,0.66,multiple_tests,2,False,4.59,2025-12-31T00:00:00-05:00,2025-12-31 00:00:00-05:00,,2026-01-05T00:00:00-05:00,2026-01-06T16:00:00-05:00,1,1D,1D supply 199.18-201.38 DBD,1D,2025-12-30T00:00:00-05:00
NET,1D,supply,DBD,2025-11-14T00:00:00-05:00,215.24,209.95,209.95,215.24,204.19,210.6,11.05,1.3,-1.68,-0.93,17.22,1.37,multiple_tests,3,False,5.8,2025-11-17T00:00:00-05:00,2025-11-17 00:00:00-05:00,,2025-12-11T00:00:00-05:00,2026-01-06T16:00:00-05:00,1,1D,1D supply 209.95-215.24 DBD,1D,2025-11-14T00:00:00-05:00
NET,1D,supply,DBD,2025-11-11T00:00:00-05:00,241.06,234.95,238.58,241.06,234.73,234.95,6.33,0.68,0.25,-1.08,2.8,0.98,fresh,0,False,8.06,2025-11-12T00:00:00-05:00,2025-11-12 00:00:00-05:00,,,2026-01-06T16:00:00-05:00,1,1D,1D supply 234.95-241.06 DBD,1D,2025-11-11T00:00:00-05:00
NFLX,1D,supply,DBD,2025-12-31T00:00:00-05:00,94.31,93.6,93.6,94.31,93.2,93.76,1.11,0.48,-0.15,-1.09,19.62,0.85,fresh,0,False,7.94,2026-01-02T00:00:00-05:00,2026-01-02 00:00:00-05:00,,,2026-01-06T16:00:00-05:00,1,1D,1D supply 93.60-94.31 DBD,1D,2025-12-31T00:00:00-05:00
NFLX,1D,supply,DBD/RBD,2025-12-09T00:00:00-05:00,97.24,95.19,97.03,97.24,95.45,96.71,1.79,1.33,-0.4,-0.45,12.58,1.91,multiple_tests,2,False,6.36,2025-12-10T00:00:00-05:00,2025-12-10 00:00:00-05:00,,2025-12-17T00:00:00-05:00,2026-01-06T16:00:00-05:00,2,1D,1D supply 96.71-97.24 DBD; 1D supply 95.19-96.92 RBD,1D,2025-12-09T00:00:00-05:00
NFLX,1D,supply,RBD,2025-12-02T00:00:00-05:00,109.73,109.2,109.2,109.73,107.52,109.35,2.21,1.27,0.13,-0.41,18.14,2.64,fresh,0,False,9.05,2025-12-03T00:00:00-05:00,2025-12-03 00:00:00-05:00,,,2026-01-06T16:00:00-05:00,1,1D,1D supply 109.20-109.73 RBD,1D,2025-12-02T00:00:00-05:00
NFLX,1D,supply,RBD,2025-11-13T00:00:00-05:00,1167.33,1154.23,1158.5,1167.33,1145.69,1154.23,21.64,0.8,0.67,-1.59,7.16,0.95,fresh,0,False,8.54,2025-11-14T00:00:00-05:00,2025-11-14 00:00:00-05:00,,,2026-01-06T16:00:00-05:00,1,1D,1D supply 1154.23-1167.33 RBD,1D,2025-11-13T00:00:00-05:00
NOW,1D,supply,DBD,2025-12-31T00:00:00-05:00,154.69,153.19,153.99,154.54,152.68,153.19,1.86,0.98,-0.1,-0.43,7.04,1.84,fresh,0,False,8.77,2026-01-02T00:00:00-05:00,2026-01-02 00:00:00-05:00,,,2026-01-06T16:00:00-05:00,2,1D,1D supply 153.19-154.54 DBD; 1D supply 153.85-154.69 DBD,1D,2025-12-31T00:00:00-05:00
NOW,1D,supply,RBD,2025-12-12T00:00:00-05:00,874.63,865.06,867.39,874.63,857.91,865.06,16.72,1.06,0.58,-4.99,14.08,4.21,fresh,0,False,13.0,2025-12-15T00:00:00-05:00,2025-12-15 00:00:00-05:00,,,2026-01-06T16:00:00-05:00,1,1D,1D supply 865.06-874.63 RBD,1D,2025-12-12T00:00:00-05:00
NOW,1D,supply,DBD/RBD,2025-09-29T00:00:00-04:00,956.75,940.85,942.06,954.56,939.24,940.85,15.32,0.73,0.99,-0.91,15.55,1.01,multiple_tests,2,False,6.42,2025-09-30T00:00:00-04:00,2025-09-30 00:00:00-04:00,,2025-10-31T00:00:00-04:00,2026-01-06T16:00:00-05:00,3,1D,1D supply 940.85-954.56 RBD; 1D supply 947.78-956.75 DBD; 1D supply 944.07-951.69 RBD,1D,2025-09-29T00:00:00-04:00
NVDA,1D,demand,DBR/RBR,2025-09-08T00:00:00-04:00,170.76,166.74,167.55,170.96,167.35,168.31,3.61,0.91,-0.72,0.53,2.2,0.87,fresh,0,False,7.9,2025-09-09T00:00:00-04:00,2025-09-09 00:00:00-04:00,,,2026-01-06T16:00:00-05:00,2,1D,1D demand 167.35-168.31 DBR; 1D demand 166.74-170.76 RBR,1D,2025-09-08T00:00:00-04:00
NVDA,1D,demand,DBR,2025-09-17T00:00:00-04:00,172.64,168.41,172.64,173.2,168.41,170.29,4.79,1.14,-1.68,1.34,2.53,1.03,multiple_tests,3,False,5.87,2025-09-18T00:00:00-04:00,2025-09-18 00:00:00-04:00,,2025-12-18T00:00:00-05:00,2026-01-06T16:00:00-05:00,1,1D,1D demand 168.41-172.64 DBR,1D,2025-09-17T00:00:00-04:00
NVDA,1D,demand,DBR,2025-12-18T00:00:00-05:00,174.53,171.82,174.53,176.15,171.82,174.14,4.33,0.87,-0.62,1.18,11.09,1.61,fresh,0,False,8.79,2025-12-19T00:00:00-05:00,2025-12-19 00:00:00-05:00,,,2026-01-06T16:00:00-05:00,1,1D,1D demand 171.82-174.53 DBR,1D,2025-12-18T00:00:00-05:00
NVDA,1D,demand,RBR,2025-12-22T00:00:00-05:00,183.92,182.35,183.92,184.16,182.35,183.69,1.81,0.68,2.0,1.16,27.13,0.92,fresh,0,False,8.08,2025-12-23T00:00:00-05:00,2025-12-23 00:00:00-05:00,,,2026-01-06T16:00:00-05:00,1,1D,1D demand 182.35-183.92 RBR,1D,2025-12-22T00:00:00-05:00
NVDA,1D,supply,DBD/RBD,2026-01-02T00:00:00-05:00,192.93,187.54,189.84,192.93,188.26,188.85,4.67,0.91,0.31,-0.17,3.7,1.13,one_test,1,False,6.3,2026-01-05T00:00:00-05:00,2026-01-05 00:00:00-05:00,,2026-01-06T00:00:00-05:00,2026-01-06T16:00:00-05:00,2,1D,1D supply 188.85-192.93 RBD; 1D supply 187.54-188.99 DBD,1D,2026-01-02T00:00:00-05:00
NVDA,1D,supply,DBD,2025-11-12T00:00:00-05:00,195.89,193.8,195.72,195.89,191.13,193.8,4.76,0.84,-0.9,-1.19,2.18,1.12,one_test,1,False,6.81,2025-11-13T00:00:00-05:00,2025-11-13 00:00:00-05:00,,2025-11-20T00:00:00-05:00,2026-01-06T16:00:00-05:00,1,1D,1D supply 193.80-195.89 DBD,1D,2025-11-12T00:00:00-05:00
NVDA,1D,supply,RBD,2025-11-10T00:00:00-05:00,199.94,195.11,195.11,199.94,193.79,199.05,6.15,1.05,1.82,-0.98,1.49,0.93,multiple_tests,2,False,5.41,2025-11-11T00:00:00-05:00,2025-11-11 00:00:00-05:00,,2025-11-20T00:00:00-05:00,2026-01-06T16:00:00-05:00,1,1D,1D supply 195.11-199.94 RBD,1D,2025-11-10T00:00:00-05:00
NVDA,1D,supply,RBD,2025-11-03T00:00:00-05:00,211.34,206.88,208.08,211.34,205.56,206.88,5.78,1.0,0.73,-1.49,3.59,1.05,fresh,0,False,8.54,2025-11-04T00:00:00-05:00,2025-11-04 00:00:00-05:00,,,2026-01-06T16:00:00-05:00,1,1D,1D supply 206.88-211.34 RBD,1D,2025-11-03T00:00:00-05:00
PANW,1D,demand,RBR,2025-08-11T00:00:00-04:00,168.17,166.21,167.2,170.9,166.21,168.17,4.69,1.0,0.01,1.22,4.31,1.13,fresh,0,False,8.35,2025-08-12T00:00:00-04:00,2025-08-12 00:00:00-04:00,,,2026-01-06T16:00:00-05:00,1,1D,1D demand 166.21-168.17 RBR,1D,2025-08-11T00:00:00-04:00
PANW,1D,demand,DBR,2026-01-05T00:00:00-05:00,183.0,181.11,183.0,185.84,181.11,182.12,4.73,1.22,-0.54,0.97,4.69,1.11,fresh,0,False,8.08,2026-01-06T00:00:00-05:00,2026-01-06 00:00:00-05:00,,,2026-01-06T16:00:00-05:00,1,1D,1D demand 181.11-183.00 DBR,1D,2026-01-05T00:00:00-05:00
PANW,1D,supply,DBD,2025-12-30T00:00:00-05:00,187.75,186.25,186.25,187.75,185.9,186.85,1.85,0.54,-0.42,-0.69,4.17,0.61,fresh,0,False,7.3,2025-12-31T00:00:00-05:00,2025-12-31 00:00:00-05:00,,,2026-01-06T16:00:00-05:00,1,1D,1D supply 186.25-187.75 DBD,1D,2025-12-30T00:00:00-05:00
PANW,1D,supply,RBD,2025-12-12T00:00:00-05:00,193.66,191.06,191.06,193.66,188.55,191.69,5.11,0.82,-0.24,-1.09,8.6,1.02,fresh,0,False,8.11,2025-12-15T00:00:00-05:00,2025-12-15 00:00:00-05:00,,,2026-01-06T16:00:00-05:00,1,1D,1D supply 191.06-193.66 RBD,1D,2025-12-12T00:00:00-05:00
PANW,1D,supply,DBD,2025-12-09T00:00:00-05:00,196.66,195.0,195.02,196.66,194.2,195.0,2.46,0.5,-0.66,-0.35,75.0,0.74,fresh,0,False,7.09,2025-12-10T00:00:00-05:00,2025-12-10 00:00:00-05:00,,,2026-01-06T16:00:00-05:00,1,1D,1D supply 195.00-196.66 DBD,1D,2025-12-09T00:00:00-05:00
PANW,1D,supply,DBD,2025-11-19T00:00:00-05:00,202.6,199.36,199.36,202.6,199.24,199.9,3.36,1.54,-0.61,-3.02,24.18,3.3,multiple_tests,2,False,9.52,2025-11-20T00:00:00-05:00,2025-11-20 00:00:00-05:00,,2025-12-08T00:00:00-05:00,2026-01-06T16:00:00-05:00,1,1D,1D supply 199.36-202.60 DBD,1D,2025-11-19T00:00:00-05:00
PANW,1D,supply,DBD/RBD,2025-11-11T00:00:00-05:00,221.17,216.94,216.94,218.75,215.79,218.27,2.96,0.79,1.37,-1.88,6.09,1.0,fresh,0,False,9.88,2025-11-12T00:00:00-05:00,2025-11-12 00:00:00-05:00,,,2026-01-06T16:00:00-05:00,3,1D,1D supply 216.94-218.75 RBD; 1D supply 219.23-220.47 DBD; 1D supply 219.94-221.17 RBD,1D,2025-11-11T00:00:00-05:00
PANW,1D,supply,RBD,2025-10-28T00:00:00-04:00,223.61,221.18,221.18,223.61,219.68,221.38,3.93,0.97,0.89,-0.88,10.75,0.97,one_test,1,False,6.35,2025-10-29T00:00:00-04:00,2025-10-29 00:00:00-04:00,,2025-10-30T00:00:00-04:00,2026-01-06T16:00:00-05:00,1,1D,1D supply 221.18-223.61 RBD,1D,2025-10-28T00:00:00-04:00
PLTR,1D,demand,DBR,2025-11-21T00:00:00-05:00,156.01,147.56,156.01,158.11,147.56,154.85,10.55,1.1,-1.13,0.79,4.12,0.89,fresh,0,False,7.68,2025-11-24T00:00:00-05:00,2025-11-24 00:00:00-05:00,,,2026-01-06T16:00:00-05:00,1,1D,1D demand 147.56-156.01 DBR,1D,2025-11-21T00:00:00-05:00
PLTR,1D,demand,DBR/RBR,2025-09-08T00:00:00-04:00,156.98,153.0,154.91,158.3,154.84,156.1,3.46,0.61,-0.01,0.82,4.29,0.79,multiple_tests,2,False,5.61,2025-09-09T00:00:00-04:00,2025-09-09 00:00:00-04:00,,2025-11-21T00:00:00-05:00,2026-01-06T16:00:00-05:00,2,1D,1D demand 154.84-156.10 RBR; 1D demand 153.00-156.98 DBR,1D,2025-09-08T00:00:00-04:00
PLTR,1D,demand,DBR,2026-01-05T00:00:00-05:00,174.88,171.79,174.88,175.82,171.79,174.04,4.03,1.07,-0.58,0.89,4.7,0.95,fresh,0,False,7.84,2026-01-06T00:00:00-05:00,2026-01-06 00:00:00-05:00,,,2026-01-06T16:00:00-05:00,1,1D,1D demand 171.79-174.88 DBR,1D,2026-01-05T00:00:00-05:00
PLTR,1D,supply,RBD,2025-11-03T00:00:00-05:00,207.52,205.04,205.04,207.52,201.82,207.18,5.7,1.75,1.78,-2.32,7.7,2.62,fresh,0,False,10.94,2025-11-04T00:00:00-05:00,2025-11-04 00:00:00-05:00,,,2026-01-06T16:00:00-05:00,1,1D,1D supply 205.04-207.52 RBD,1D,2025-11-03T00:00:00-05:00
QQQ,1D,demand,DBR,2025-08-21T00:00:00-04:00,564.35,560.98,564.35,566.49,560.98,563.28,5.51,1.01,-1.01,1.46,6.82,1.12,one_test,1,False,7.08,2025-08-22T00:00:00-04:00,2025-08-22 00:00:00-04:00,,2025-09-02T00:00:00-04:00,2026-01-06T16:00:00-05:00,1,1D,1D demand 560.98-564.35 DBR,1D,2025-08-21T00:00:00-04:00
QQQ,1D,demand,RBR,2025-09-03T00:00:00-04:00,570.07,566.73,569.23,571.7,566.73,570.07,4.97,1.18,-0.06,0.87,5.35,1.03,fresh,0,False,7.9,2025-09-04T00:00:00-04:00,2025-09-04 00:00:00-04:00,,,2026-01-06T16:00:00-05:00,1,1D,1D demand 566.73-570.07 RBR,1D,2025-09-03T00:00:00-04:00
QQQ,1D,demand,RBR,2025-09-12T00:00:00-04:00,586.66,584.1,585.04,587.86,584.1,586.66,3.76,1.03,1.06,0.9,3.1,0.9,multiple_tests,3,False,5.3,2025-09-15T00:00:00-04:00,2025-09-15 00:00:00-04:00,,2025-11-21T00:00:00-05:00,2026-01-06T16:00:00-05:00,1,1D,1D demand 584.10-586.66 RBR,1D,2025-09-12T00:00:00-04:00
QQQ,1D,demand,RBR,2025-12-18T00:00:00-05:00,609.8,606.92,609.8,612.93,606.92,609.11,6.01,1.35,-0.29,0.86,7.39,1.03,fresh,0,False,7.89,2025-12-19T00:00:00-05:00,2025-12-19 00:00:00-05:00,,,2026-01-06T16:00:00-05:00,1,1D,1D demand 606.92-609.80 RBR,1D,2025-12-18T00:00:00-05:00
QQQ,1D,demand,RBR,2026-01-05T00:00:00-05:00,619.32,616.72,619.32,620.81,616.72,617.99,4.09,0.95,0.57,0.84,3.15,0.88,fresh,0,False,7.72,2026-01-06T00:00:00-05:00,2026-01-06 00:00:00-05:00,,,2026-01-06T16:00:00-05:00,1,1D,1D demand 616.72-619.32 RBR,1D,2026-01-05T00:00:00-05:00
QQQ,1D,supply,DBD/RBD,2025-12-11T00:00:00-05:00,628.92,623.82,623.82,625.78,617.72,625.58,8.06,0.96,0.05,-1.19,4.81,1.24,multiple_tests,3,False,6.43,2025-12-12T00:00:00-05:00,2025-12-12 00:00:00-05:00,,2026-01-06T00:00:00-05:00,2026-01-06T16:00:00-05:00,2,1D,1D supply 623.82-625.78 DBD; 1D supply 624.38-628.92 RBD,1D,2025-12-11T00:00:00-05:00
QQQ,1D,supply,RBD,2025-11-03T00:00:00-05:00,637.01,632.08,635.11,635.82,629.85,632.08,5.97,0.63,0.75,-1.59,4.23,1.08,fresh,0,False,9.17,2025-11-04T00:00:00-05:00,2025-11-04 00:00:00-05:00,,,2026-01-06T16:00:00-05:00,2,1D,1D supply 632.08-635.82 RBD; 1D supply 635.59-637.01 RBD,1D,2025-11-03T00:00:00-05:00
RBLX,1D,supply,RBD,2026-01-05T00:00:00-05:00,82.56,81.04,81.4,82.38,79.88,81.04,2.5,1.16,0.0,-1.99,9.83,2.26,fresh,0,False,10.75,2026-01-06T00:00:00-05:00,2026-01-06 00:00:00-05:00,,,2026-01-06T16:00:00-05:00,2,1D,1D supply 81.04-82.38 RBD; 1D supply 81.68-82.56 RBD,1D,2026-01-05T00:00:00-05:00
RBLX,1D,supply,RBD,2025-12-16T00:00:00-05:00,87.86,87.18,87.18,87.86,86.15,87.44,1.71,1.07,-0.29,-0.42,6.12,0.8,one_test,1,False,5.72,2025-12-17T00:00:00-05:00,2025-12-17 00:00:00-05:00,,2025-12-18T00:00:00-05:00,2026-01-06T16:00:00-05:00,1,1D,1D supply 87.18-87.86 RBD,1D,2025-12-16T00:00:00-05:00
RBLX,1D,supply,DBD,2025-12-11T00:00:00-05:00,96.27,94.19,94.19,96.27,93.07,94.34,3.2,0.83,-1.18,-1.47,15.77,1.14,fresh,0,False,8.61,2025-12-12T00:00:00-05:00,2025-12-12 00:00:00-05:00,,,2026-01-06T16:00:00-05:00,1,1D,1D supply 94.19-96.27 DBD,1D,2025-12-11T00:00:00-05:00
RBLX,1D,supply,RBD,2025-11-18T00:00:00-05:00,103.22,100.47,100.47,103.22,99.96,101.73,3.26,0.57,-0.11,-0.89,2.34,1.33,fresh,0,False,8.22,2025-11-19T00:00:00-05:00,2025-11-19 00:00:00-05:00,,,2026-01-06T16:00:00-05:00,1,1D,1D supply 100.47-103.22 RBD,1D,2025-11-18T00:00:00-05:00
RBLX,1D,supply,DBD,2025-11-12T00:00:00-05:00,105.53,104.34,104.88,105.3,102.63,104.34,2.67,0.56,-0.2,-0.6,5.06,0.97,fresh,0,False,8.07,2025-11-13T00:00:00-05:00,2025-11-13 00:00:00-05:00,,,2026-01-06T16:00:00-05:00,2,1D,1D supply 104.34-105.30 DBD; 1D supply 104.68-105.53 DBD,1D,2025-11-12T00:00:00-05:00
RBLX,1D,supply,DBD/RBD,2025-10-29T00:00:00-04:00,135.0,131.5,131.5,134.67,130.08,133.74,4.59,1.19,1.0,-3.96,5.6,4.51,fresh,0,False,13.46,2025-10-30T00:00:00-04:00,2025-10-30 00:00:00-04:00,,,2026-01-06T16:00:00-05:00,2,1D,1D supply 131.50-134.67 RBD; 1D supply 133.16-135.00 DBD,1D,2025-10-29T00:00:00-04:00
RBLX,1D,supply,RBD,2025-10-15T00:00:00-04:00,142.0,138.56,138.69,141.95,136.66,138.56,5.29,1.24,2.02,-0.8,32.62,0.87,fresh,0,False,8.17,2025-10-16T00:00:00-04:00,2025-10-16 00:00:00-04:00,,,2026-01-06T16:00:00-05:00,2,1D,1D supply 138.56-141.95 RBD; 1D supply 140.71-142.00 RBD,1D,2025-10-15T00:00:00-04:00
RKLB,1D,demand,DBR,2025-11-21T00:00:00-05:00,40.3,37.57,39.83,41.05,37.57,40.3,3.48,1.0,-0.82,0.53,3.6,1.07,one_test,1,False,6.1,2025-11-24T00:00:00-05:00,2025-11-24 00:00:00-05:00,,2025-12-01T00:00:00-05:00,2026-01-06T16:00:00-05:00,1,1D,1D demand 37.57-40.30 DBR,1D,2025-11-21T00:00:00-05:00
RKLB,1D,demand,RBR,2025-12-02T00:00:00-05:00,41.9,40.42,40.56,42.99,40.42,41.9,2.57,0.73,-0.07,0.77,2.11,0.78,fresh,0,False,7.55,2025-12-03T00:00:00-05:00,2025-12-03 00:00:00-05:00,,,2026-01-06T16:00:00-05:00,1,1D,1D demand 40.42-41.90 RBR,1D,2025-12-02T00:00:00-05:00
RKLB,1D,demand,RBR,2025-12-05T00:00:00-05:00,49.05,47.7,48.88,49.7,47.7,49.05,2.0,0.78,1.22,0.71,8.22,1.16,fresh,0,False,7.87,2025-12-08T00:00:00-05:00,2025-12-08 00:00:00-05:00,,,2026-01-06T16:00:00-05:00,1,1D,1D demand 47.70-49.05 RBR,1D,2025-12-05T00:00:00-05:00
RKLB,1D,demand,RBR,2025-12-09T00:00:00-05:00,53.43,50.34,51.23,53.75,50.34,53.43,3.41,0.95,1.29,1.2,1.86,2.11,multiple_tests,2,False,6.81,2025-12-10T00:00:00-05:00,2025-12-10 00:00:00-05:00,,2025-12-17T00:00:00-05:00,2026-01-06T16:00:00-05:00,1,1D,1D demand 50.34-53.43 RBR,1D,2025-12-09T00:00:00-05:00
RKLB,1D,demand,DBR,2025-12-17T00:00:00-05:00,56.1,53.09,56.1,56.91,53.09,53.96,3.82,1.15,-0.37,1.52,2.79,1.35,fresh,0,False,8.87,2025-12-18T00:00:00-05:00,2025-12-18 00:00:00-05:00,,,2026-01-06T16:00:00-05:00,1,1D,1D demand 53.09-56.10 DBR,1D,2025-12-17T00:00:00-05:00
RKLB,1D,demand,DBR,2025-12-31T00:00:00-05:00,71.5,69.13,71.5,73.2,69.13,69.76,4.07,0.64,-0.07,1.22,3.08,1.15,one_test,1,False,6.87,2026-01-02T00:00:00-05:00,2026-01-02 00:00:00-05:00,,2026-01-05T00:00:00-05:00,2026-01-06T16:00:00-05:00,1,1D,1D demand 69.13-71.50 DBR,1D,2025-12-31T00:00:00-05:00
SHOP,1D,demand,RBR,2025-08-05T00:00:00-04:00,127.0,123.0,125.0,127.23,123.0,127.0,4.23,1.18,1.93,6.41,4.87,4.93,fresh,0,False,13.0,2025-08-06T00:00:00-04:00,2025-08-06 00:00:00-04:00,,,2026-01-06T16:00:00-05:00,1,1D,1D demand 123.00-127.00 RBR,1D,2025-08-05T00:00:00-04:00
SHOP,1D,demand,DBR,2025-08-21T00:00:00-04:00,136.68,134.88,136.26,137.96,134.88,136.68,3.08,0.47,-0.54,1.15,12.69,0.82,multiple_tests,2,False,5.47,2025-08-22T00:00:00-04:00,2025-08-22 00:00:00-04:00,,2025-11-18T00:00:00-05:00,2026-01-06T16:00:00-05:00,1,1D,1D demand 134.88-136.68 DBR,1D,2025-08-21T00:00:00-04:00
SHOP,1D,demand,RBR,2025-09-03T00:00:00-04:00,140.22,138.11,140.0,140.99,138.11,140.22,2.87,0.42,-0.22,1.03,19.3,0.77,multiple_tests,3,False,5.3,2025-09-04T00:00:00-04:00,2025-09-04 00:00:00-04:00,,2025-11-18T00:00:00-05:00,2026-01-06T16:00:00-05:00,1,1D,1D demand 138.11-140.22 RBR,1D,2025-09-03T00:00:00-04:00
SHOP,1D,demand,DBR,2025-09-26T00:00:00-04:00,143.12,139.5,143.12,144.0,139.5,140.25,4.5,1.19,-1.91,1.94,2.53,2.4,multiple_tests,5,False,8.34,2025-09-29T00:00:00-04:00,2025-09-29 00:00:00-04:00,,2025-11-21T00:00:00-05:00,2026-01-06T16:00:00-05:00,2,1D,1D demand 139.50-143.12 DBR; 1D demand 139.91-141.43 DBR,1D,2025-09-26T00:00:00-04:00
SHOP,1D,demand,RBR,2025-11-21T00:00:00-05:00,147.8,142.43,144.57,149.88,142.43,147.8,7.45,0.97,0.24,1.01,2.33,0.87,fresh,0,False,7.88,2025-11-24T00:00:00-05:00,2025-11-24 00:00:00-05:00,,,2026-01-06T16:00:00-05:00,1,1D,1D demand 142.43-147.80 RBR,1D,2025-11-21T00:00:00-05:00
SHOP,1D,demand,DBR,2025-12-01T00:00:00-05:00,152.8,149.09,152.8,155.56,149.09,149.28,6.47,1.17,-1.37,1.03,2.14,0.84,fresh,0,False,7.87,2025-12-02T00:00:00-05:00,2025-12-02 00:00:00-05:00,,,2026-01-06T16:00:00-05:00,1,1D,1D demand 149.09-152.80 DBR,1D,2025-12-01T00:00:00-05:00
SHOP,1D,supply,RBD,2025-10-29T00:00:00-04:00,182.19,179.01,180.0,182.19,176.3,179.01,5.89,1.28,0.62,-0.85,3.35,1.12,one_test,1,False,6.47,2025-10-30T00:00:00-04:00,2025-10-30 00:00:00-04:00,,2025-10-31T00:00:00-04:00,2026-01-06T16:00:00-05:00,1,1D,1D supply 179.01-182.19 RBD,1D,2025-10-29T00:00:00-04:00
SMCI,1D,demand,DBR,2025-12-31T00:00:00-05:00,29.71,29.02,29.71,29.87,29.02,29.27,0.85,1.21,-0.67,1.4,2.27,1.49,one_test,1,False,7.39,2026-01-02T00:00:00-05:00,2026-01-02 00:00:00-05:00,,2026-01-06T00:00:00-05:00,2026-01-06T16:00:00-05:00,1,1D,1D demand 29.02-29.71 DBR,1D,2025-12-31T00:00:00-05:00
SMCI,1D,supply,DBD,2025-12-29T00:00:00-05:00,31.14,30.07,30.07,31.14,29.94,30.08,1.2,0.97,-0.37,-0.34,71.0,1.06,multiple_tests,3,False,4.9,2025-12-30T00:00:00-05:00,2025-12-30 00:00:00-05:00,,2026-01-06T00:00:00-05:00,2026-01-06T16:00:00-05:00,1,1D,1D supply 30.07-31.14 DBD,1D,2025-12-29T00:00:00-05:00
SMCI,1D,supply,DBD,2025-12-16T00:00:00-05:00,31.91,31.3,31.3,31.91,30.95,31.66,0.96,0.95,-0.44,-1.2,4.58,1.13,multiple_tests,3,False,5.83,2025-12-17T00:00:00-05:00,2025-12-17 00:00:00-05:00,,2026-01-05T00:00:00-05:00,2026-01-06T16:00:00-05:00,1,1D,1D supply 31.30-31.91 DBD,1D,2025-12-16T00:00:00-05:00
SMCI,1D,supply,DBD,2025-12-11T00:00:00-05:00,34.16,34.02,34.15,34.16,32.91,34.02,1.25,0.95,-0.58,-0.99,10.88,0.92,fresh,0,False,7.91,2025-12-12T00:00:00-05:00,2025-12-12 00:00:00-05:00,,,2026-01-06T16:00:00-05:00,1,1D,1D supply 34.02-34.16 DBD,1D,2025-12-11T00:00:00-05:00
SMCI,1D,supply,RBD,2025-12-08T00:00:00-05:00,35.88,35.15,35.15,35.88,34.72,35.37,1.16,0.85,0.63,-0.19,2.05,0.7,fresh,0,False,6.89,2025-12-09T00:00:00-05:00,2025-12-09 00:00:00-05:00,,,2026-01-06T16:00:00-05:00,1,1D,1D supply 35.15-35.88 RBD,1D,2025-12-08T00:00:00-05:00
SMCI,1D,supply,DBD,2025-11-07T00:00:00-05:00,40.09,39.76,39.84,40.09,38.13,39.76,1.96,1.09,-0.91,0.17,14.88,0.87,one_test,1,False,5.54,2025-11-10T00:00:00-05:00,2025-11-10 00:00:00-05:00,,2025-11-11T00:00:00-05:00,2026-01-06T16:00:00-05:00,1,1D,1D supply 39.76-40.09 DBD,1D,2025-11-07T00:00:00-05:00
SMCI,1D,supply,DBD,2025-11-04T00:00:00-05:00,49.43,47.4,48.62,49.43,46.86,47.4,2.57,1.27,-1.73,-2.04,2.4,2.06,fresh,0,False,10.1,2025-11-05T00:00:00-05:00,2025-11-05 00:00:00-05:00,,,2026-01-06T16:00:00-05:00,1,1D,1D supply 47.40-49.43 DBD,1D,2025-11-04T00:00:00-05:00
SMCI,1D,supply,RBD,2025-10-31T00:00:00-04:00,52.99,51.39,51.39,52.99,50.8,51.96,2.19,0.65,-0.27,-0.45,3.72,0.78,fresh,0,False,7.23,2025-11-03T00:00:00-05:00,2025-11-03 00:00:00-05:00,,,2026-01-06T16:00:00-05:00,1,1D,1D supply 51.39-52.99 RBD,1D,2025-10-31T00:00:00-04:00
SMCI,1D,supply,RBD,2025-10-29T00:00:00-04:00,54.08,52.69,53.8,54.08,51.56,52.69,2.52,0.78,0.41,-0.86,2.09,0.55,multiple_tests,2,False,4.91,2025-10-30T00:00:00-04:00,2025-10-30 00:00:00-04:00,,2025-11-03T00:00:00-05:00,2026-01-06T16:00:00-05:00,1,1D,1D supply 52.69-54.08 RBD,1D,2025-10-29T00:00:00-04:00
SMCI,1D,supply,DBD,2025-10-16T00:00:00-04:00,56.23,53.84,54.0,56.23,53.27,53.84,2.95,0.79,0.28,-0.63,5.53,0.66,multiple_tests,5,False,4.79,2025-10-17T00:00:00-04:00,2025-10-17 00:00:00-04:00,,2025-10-29T00:00:00-04:00,2026-01-06T16:00:00-05:00,1,1D,1D supply 53.84-56.23 DBD,1D,2025-10-16T00:00:00-04:00
SMCI,1D,supply,DBD/RBD,2025-10-21T00:00:00-04:00,55.65,54.75,55.16,55.35,53.91,54.82,1.44,0.93,1.02,-0.9,5.85,1.1,fresh,0,False,8.5,2025-10-22T00:00:00-04:00,2025-10-22 00:00:00-04:00,,,2026-01-06T16:00:00-05:00,2,1D,1D supply 54.82-55.35 RBD; 1D supply 54.75-55.65 DBD,1D,2025-10-21T00:00:00-04:00
SMCI,1D,supply,RBD,2025-10-20T00:00:00-04:00,56.6,55.04,55.04,56.6,54.6,55.04,2.0,1.47,0.46,-0.08,34.0,0.94,fresh,0,False,7.02,2025-10-21T00:00:00-04:00,2025-10-21 00:00:00-04:00,,,2026-01-06T16:00:00-05:00,1,1D,1D supply 55.04-56.60 RBD,1D,2025-10-20T00:00:00-04:00
SMCI,1D,supply,DBD,2025-08-05T00:00:00-04:00,59.4,57.26,58.81,59.4,56.79,57.26,2.61,1.26,0.25,-4.18,6.75,2.9,multiple_tests,4,False,10.4,2025-08-06T00:00:00-04:00,2025-08-06 00:00:00-04:00,,2025-10-10T00:00:00-04:00,2026-01-06T16:00:00-05:00,1,1D,1D supply 57.26-59.40 DBD,1D,2025-08-05T00:00:00-04:00
SMCI,1D,supply,RBD,2025-10-09T00:00:00-04:00,59.19,57.63,57.63,58.78,57.26,57.98,1.52,0.96,1.26,-2.21,15.37,1.46,fresh,0,False,10.17,2025-10-10T00:00:00-04:00,2025-10-10 00:00:00-04:00,,,2026-01-06T16:00:00-05:00,2,1D,1D supply 57.63-58.78 RBD; 1D supply 58.16-59.19 RBD,1D,2025-10-09T00:00:00-04:00
SNOW,1D,demand,DBR/RBR,2025-08-12T00:00:00-04:00,193.06,188.0,191.75,194.0,188.0,193.06,6.0,1.01,0.21,0.59,2.1,1.13,multiple_tests,3,False,5.72,2025-08-13T00:00:00-04:00,2025-08-13 00:00:00-04:00,,2025-08-21T00:00:00-04:00,2026-01-06T16:00:00-05:00,2,1D,1D demand 188.00-193.06 RBR; 1D demand 191.12-192.16 DBR,1D,2025-08-12T00:00:00-04:00
SNOW,1D,demand,DBR,2025-08-26T00:00:00-04:00,195.2,193.42,195.2,196.5,193.42,194.35,3.08,1.07,-0.36,0.89,7.11,4.11,fresh,0,False,9.89,2025-08-27T00:00:00-04:00,2025-08-27 00:00:00-04:00,,,2026-01-06T16:00:00-05:00,1,1D,1D demand 193.42-195.20 DBR,1D,2025-08-26T00:00:00-04:00
SNOW,1D,demand,DBR,2025-12-15T00:00:00-05:00,217.96,211.91,216.92,217.63,211.91,215.28,5.72,0.82,-0.6,0.61,4.97,0.75,multiple_tests,3,False,5.36,2025-12-16T00:00:00-05:00,2025-12-16 00:00:00-05:00,,2026-01-02T00:00:00-05:00,2026-01-06T16:00:00-05:00,2,1D,1D demand 211.91-216.92 DBR; 1D demand 214.30-217.96 DBR,1D,2025-12-15T00:00:00-05:00
SNOW,1D,demand,DBR,2025-09-04T00:00:00-04:00,222.7,215.05,222.7,224.05,215.05,221.9,9.0,1.69,-1.42,0.45,2.08,0.75,multiple_tests,30,False,4.7,2025-09-05T00:00:00-04:00,2025-09-05 00:00:00-04:00,,2026-01-05T00:00:00-05:00,2026-01-06T16:00:00-05:00,1,1D,1D demand 215.05-222.70 DBR,1D,2025-09-04T00:00:00-04:00
SNOW,1D,supply,DBD/RBD,2025-11-12T00:00:00-05:00,275.87,269.82,274.29,275.87,266.86,269.82,9.01,0.77,0.15,-1.48,2.89,0.88,fresh,0,False,8.86,2025-11-13T00:00:00-05:00,2025-11-13 00:00:00-05:00,,,2026-01-06T16:00:00-05:00,2,1D,1D supply 269.82-275.87 DBD; 1D supply 274.88-275.48 RBD,1D,2025-11-12T00:00:00-05:00
SNOW,1D,supply,RBD,2025-11-03T00:00:00-05:00,280.67,277.14,277.73,280.67,273.61,277.14,7.06,0.94,0.68,-1.34,8.44,1.17,fresh,0,False,8.51,2025-11-04T00:00:00-05:00,2025-11-04 00:00:00-05:00,,,2026-01-06T16:00:00-05:00,1,1D,1D supply 277.14-280.67 RBD,1D,2025-11-03T00:00:00-05:00
SOFI,1D,demand,DBR,2025-08-06T00:00:00-04:00,21.47,21.02,21.47,21.56,21.02,21.46,0.54,0.47,-0.34,0.6,29.0,0.68,one_test,1,False,5.78,2025-08-07T00:00:00-04:00,2025-08-07 00:00:00-04:00,,2025-08-20T00:00:00-04:00,2026-01-06T16:00:00-05:00,1,1D,1D demand 21.02-21.47 DBR,1D,2025-08-06T00:00:00-04:00
SOFI,1D,demand,DBR,2025-11-21T00:00:00-05:00,25.19,23.52,24.63,25.45,23.52,25.19,1.93,1.03,-0.72,1.04,2.8,0.73,one_test,1,False,6.27,2025-11-24T00:00:00-05:00,2025-11-24 00:00:00-05:00,,2025-12-17T00:00:00-05:00,2026-01-06T16:00:00-05:00,1,1D,1D demand 23.52-25.19 DBR,1D,2025-11-21T00:00:00-05:00
SOFI,1D,demand,DBR,2025-10-03T00:00:00-04:00,26.1,24.84,26.1,26.18,24.84,25.24,1.34,1.25,-0.41,0.89,1.3,1.54,multiple_tests,15,False,5.93,2025-10-06T00:00:00-04:00,2025-10-06 00:00:00-04:00,,2026-01-06T00:00:00-05:00,2026-01-06T16:00:00-05:00,1,1D,1D demand 24.84-26.10 DBR,1D,2025-10-03T00:00:00-04:00
SOFI,1D,demand,DBR/RBR,2025-12-31T00:00:00-05:00,26.68,25.95,26.68,26.9,26.06,26.18,0.84,0.71,-0.69,1.39,2.56,1.15,one_test,1,False,7.54,2026-01-02T00:00:00-05:00,2026-01-02 00:00:00-05:00,,2026-01-06T00:00:00-05:00,2026-01-06T16:00:00-05:00,2,1D,1D demand 26.06-26.68 DBR; 1D demand 25.95-26.29 RBR,1D,2025-12-31T00:00:00-05:00
SOFI,1D,supply,RBD,2025-12-04T00:00:00-05:00,29.7,29.04,29.04,29.7,28.48,29.6,1.22,0.87,0.05,-0.97,3.22,1.9,multiple_tests,2,False,6.37,2025-12-05T00:00:00-05:00,2025-12-05 00:00:00-05:00,,2026-01-06T00:00:00-05:00,2026-01-06T16:00:00-05:00,1,1D,1D supply 29.04-29.70 RBD,1D,2025-12-04T00:00:00-05:00
SOFI,1D,supply,RBD,2025-12-02T00:00:00-05:00,30.42,29.39,29.39,30.42,29.32,29.51,1.11,0.81,-0.11,-0.23,2.96,0.71,multiple_tests,2,False,4.44,2025-12-03T00:00:00-05:00,2025-12-03 00:00:00-05:00,,2026-01-05T00:00:00-05:00,2026-01-06T16:00:00-05:00,1,1D,1D supply 29.39-30.42 RBD,1D,2025-12-02T00:00:00-05:00
SOFI,1D,supply,RBD,2025-11-12T00:00:00-05:00,32.73,31.18,31.18,32.73,30.96,32.21,1.77,1.31,0.89,-2.04,3.24,1.49,fresh,0,False,9.53,2025-11-13T00:00:00-05:00,2025-11-13 00:00:00-05:00,,,2026-01-06T16:00:00-05:00,1,1D,1D supply 31.18-32.73 RBD,1D,2025-11-12T00:00:00-05:00
SPY,1D,demand,DBR/RBR,2025-08-21T00:00:00-04:00,637.46,633.81,636.28,637.97,633.81,635.55,4.16,0.78,-0.86,1.97,10.34,1.19,one_test,1,False,8.16,2025-08-22T00:00:00-04:00,2025-08-22 00:00:00-04:00,,2025-09-02T00:00:00-04:00,2026-01-06T16:00:00-05:00,2,1D,1D demand 633.81-636.28 DBR; 1D demand 634.66-637.46 RBR,1D,2025-08-21T00:00:00-04:00
SPY,1D,demand,RBR,2025-09-03T00:00:00-04:00,643.74,640.46,642.67,644.21,640.46,643.74,3.75,1.09,-0.28,1.15,4.39,1.01,one_test,1,False,6.66,2025-09-04T00:00:00-04:00,2025-09-04 00:00:00-04:00,,2025-09-05T00:00:00-04:00,2026-01-06T16:00:00-05:00,1,1D,1D demand 640.46-643.74 RBR,1D,2025-09-03T00:00:00-04:00
SPY,1D,demand,RBR,2025-09-08T00:00:00-04:00,648.83,647.23,648.62,649.84,647.23,648.83,2.61,0.97,-0.06,0.32,6.48,1.01,fresh,0,False,7.33,2025-09-09T00:00:00-04:00,2025-09-09 00:00:00-04:00,,,2026-01-06T16:00:00-05:00,1,1D,1D demand 647.23-648.83 RBR,1D,2025-09-08T00:00:00-04:00
SPY,1D,demand,RBR,2025-09-10T00:00:00-04:00,653.62,650.63,653.62,654.55,650.63,652.21,3.92,1.18,0.75,1.2,2.45,1.05,multiple_tests,4,False,5.75,2025-09-11T00:00:00-04:00,2025-09-11 00:00:00-04:00,,2025-11-21T00:00:00-05:00,2026-01-06T16:00:00-05:00,1,1D,1D demand 650.63-653.62 RBR,1D,2025-09-10T00:00:00-04:00
SPY,1D,demand,RBR,2025-12-18T00:00:00-05:00,677.6,674.9,677.6,680.74,674.9,676.47,5.84,1.26,-0.33,0.56,3.54,1.2,fresh,0,False,7.76,2025-12-19T00:00:00-05:00,2025-12-19 00:00:00-05:00,,,2026-01-06T16:00:00-05:00,1,1D,1D demand 674.90-677.60 RBR,1D,2025-12-18T00:00:00-05:00
SPY,1D,demand,RBR,2026-01-05T00:00:00-05:00,687.72,680.59,686.54,689.43,686.38,687.72,3.05,0.91,1.12,0.79,3.29,0.88,fresh,0,False,8.17,2026-01-06T00:00:00-05:00,2026-01-06 00:00:00-05:00,,,2026-01-06T16:00:00-05:00,2,1D,1D demand 686.38-687.72 RBR; 1D demand 680.59-684.83 RBR,1D,2026-01-05T00:00:00-05:00
TEM,1D,demand,RBR,2026-01-02T00:00:00-05:00,62.36,59.09,60.21,62.4,59.09,62.36,3.31,1.55,0.7,0.83,1.09,1.44,fresh,0,False,8.27,2026-01-05T00:00:00-05:00,2026-01-05 00:00:00-05:00,,,2026-01-06T16:00:00-05:00,1,1D,1D demand 59.09-62.36 RBR,1D,2026-01-02T00:00:00-05:00
TEM,1D,demand,RBR,2026-01-05T00:00:00-05:00,64.7,63.02,64.26,65.36,63.02,64.7,2.34,1.41,2.06,1.76,7.2,1.69,fresh,0,False,9.45,2026-01-06T00:00:00-05:00,2026-01-06 00:00:00-05:00,,,2026-01-06T16:00:00-05:00,1,1D,1D demand 63.02-64.70 RBR,1D,2026-01-05T00:00:00-05:00
TEM,1D,supply,DBD,2025-12-11T00:00:00-05:00,74.37,73.86,74.33,74.37,71.48,73.86,2.89,0.75,-0.54,-0.87,5.21,0.79,fresh,0,False,7.66,2025-12-12T00:00:00-05:00,2025-12-12 00:00:00-05:00,,,2026-01-06T16:00:00-05:00,1,1D,1D supply 73.86-74.37 DBD,1D,2025-12-11T00:00:00-05:00
TEM,1D,supply,DBD,2025-11-05T00:00:00-05:00,83.5,82.23,82.23,83.5,78.4,82.26,5.1,1.36,-1.21,-1.91,273.17,1.78,fresh,0,False,9.69,2025-11-06T00:00:00-05:00,2025-11-06 00:00:00-05:00,,,2026-01-06T16:00:00-05:00,1,1D,1D supply 82.23-83.50 DBD,1D,2025-11-05T00:00:00-05:00
TEM,1D,supply,DBD,2025-10-29T00:00:00-04:00,90.5,88.22,88.22,90.5,87.03,88.84,3.47,0.74,-0.48,-0.45,2.55,0.81,multiple_tests,3,False,4.76,2025-10-30T00:00:00-04:00,2025-10-30 00:00:00-04:00,,2025-11-04T00:00:00-05:00,2026-01-06T16:00:00-05:00,1,1D,1D supply 88.22-90.50 DBD,1D,2025-10-29T00:00:00-04:00
TEM,1D,supply,DBD,2025-10-21T00:00:00-04:00,93.46,89.1,91.29,93.46,88.95,89.1,4.51,0.57,0.24,-0.69,2.43,1.1,multiple_tests,7,False,5.29,2025-10-22T00:00:00-04:00,2025-10-22 00:00:00-04:00,,2025-11-03T00:00:00-05:00,2026-01-06T16:00:00-05:00,1,1D,1D supply 89.10-93.46 DBD,1D,2025-10-21T00:00:00-04:00
TEM,1D,supply,RBD,2025-10-27T00:00:00-04:00,93.38,91.58,91.91,93.38,89.55,91.58,3.83,1.06,0.79,-0.87,16.18,0.9,one_test,1,False,6.27,2025-10-28T00:00:00-04:00,2025-10-28 00:00:00-04:00,,2025-10-30T00:00:00-04:00,2026-01-06T16:00:00-05:00,1,1D,1D supply 91.58-93.38 RBD,1D,2025-10-27T00:00:00-04:00
TEM,1D,supply,DBD,2025-10-15T00:00:00-04:00,94.65,91.91,92.79,94.65,88.81,91.91,5.84,0.57,-0.45,-0.15,3.91,0.75,multiple_tests,4,False,4.4,2025-10-16T00:00:00-04:00,2025-10-16 00:00:00-04:00,,2025-10-28T00:00:00-04:00,2026-01-06T16:00:00-05:00,1,1D,1D supply 91.91-94.65 DBD,1D,2025-10-15T00:00:00-04:00
TEM,1D,supply,DBD,2025-10-13T00:00:00-04:00,97.31,93.36,93.36,97.31,91.9,94.47,5.41,0.81,-0.85,-0.82,2.02,0.78,multiple_tests,5,False,5.1,2025-10-14T00:00:00-04:00,2025-10-14 00:00:00-04:00,,2025-10-27T00:00:00-04:00,2026-01-06T16:00:00-05:00,1,1D,1D supply 93.36-97.31 DBD,1D,2025-10-13T00:00:00-04:00
TSLA,1D,demand,RBR,2025-08-05T00:00:00-04:00,308.95,305.5,308.95,312.45,305.5,308.72,6.95,0.63,0.58,1.07,52.26,0.86,fresh,0,False,7.93,2025-08-06T00:00:00-04:00,2025-08-06 00:00:00-04:00,,,2026-01-06T16:00:00-05:00,1,1D,1D demand 305.50-308.95 RBR,1D,2025-08-05T00:00:00-04:00
TSLA,1D,demand,DBR/RBR,2025-08-21T00:00:00-04:00,322.27,316.16,322.08,324.9,318.68,320.11,6.22,0.68,-0.81,1.74,9.31,1.14,fresh,0,False,9.38,2025-08-22T00:00:00-04:00,2025-08-22 00:00:00-04:00,,,2026-01-06T16:00:00-05:00,2,1D,1D demand 318.68-322.08 DBR; 1D demand 316.16-322.27 RBR,1D,2025-08-21T00:00:00-04:00
TSLA,1D,demand,RBR,2025-09-04T00:00:00-04:00,338.53,331.48,336.15,338.89,331.48,338.53,7.41,0.81,0.8,1.07,5.17,1.45,fresh,0,False,8.52,2025-09-05T00:00:00-04:00,2025-09-05 00:00:00-04:00,,,2026-01-06T16:00:00-05:00,1,1D,1D demand 331.48-338.53 RBR,1D,2025-09-04T00:00:00-04:00
TSLA,1D,demand,RBR,2025-09-10T00:00:00-04:00,350.55,346.07,350.55,356.33,346.07,347.79,10.26,0.98,0.12,1.85,6.75,1.41,fresh,0,False,9.26,2025-09-11T00:00:00-04:00,2025-09-11 00:00:00-04:00,,,2026-01-06T16:00:00-05:00,1,1D,1D demand 346.07-350.55 RBR,1D,2025-09-10T00:00:00-04:00
TSLA,1D,demand,DBR,2025-11-21T00:00:00-05:00,402.32,383.76,402.32,402.8,383.76,391.09,19.04,1.14,-0.65,1.34,2.38,1.09,fresh,0,False,8.43,2025-11-24T00:00:00-05:00,2025-11-24 00:00:00-05:00,,,2026-01-06T16:00:00-05:00,1,1D,1D demand 383.76-402.32 DBR,1D,2025-11-21T00:00:00-05:00
TSLA,1D,demand,DBR,2025-12-02T00:00:00-05:00,430.81,422.12,430.81,436.8,422.12,429.24,14.68,0.83,-0.05,0.94,9.32,1.05,one_test,1,False,6.49,2025-12-03T00:00:00-05:00,2025-12-03 00:00:00-05:00,,2026-01-06T00:00:00-05:00,2026-01-06T16:00:00-05:00,1,1D,1D demand 422.12-430.81 DBR,1D,2025-12-02T00:00:00-05:00
TSLA,1D,supply,RBD,2026-01-05T00:00:00-05:00,457.55,447.99,447.99,457.55,444.57,451.67,12.98,0.9,0.13,-1.25,3.65,1.19,fresh,0,False,8.44,2026-01-06T00:00:00-05:00,2026-01-06 00:00:00-05:00,,,2026-01-06T16:00:00-05:00,1,1D,1D supply 447.99-457.55 RBD,1D,2026-01-05T00:00:00-05:00
TSLA,1D,supply,DBD/RBD,2025-12-24T00:00:00-05:00,498.83,485.4,488.48,490.9,476.8,485.4,14.1,0.55,-0.23,-0.71,3.26,0.78,fresh,0,False,7.99,2025-12-26T00:00:00-05:00,2025-12-26 00:00:00-05:00,,,2026-01-06T16:00:00-05:00,2,1D,1D supply 485.40-490.90 DBD; 1D supply 488.73-498.83 RBD,1D,2025-12-24T00:00:00-05:00
UBER,1D,demand,DBR,2025-12-19T00:00:00-05:00,79.77,78.31,79.77,79.99,78.31,79.31,1.68,1.54,0.07,0.84,4.24,0.92,one_test,1,False,6.26,2025-12-22T00:00:00-05:00,2025-12-22 00:00:00-05:00,,2026-01-05T00:00:00-05:00,2026-01-06T16:00:00-05:00,1,1D,1D demand 78.31-79.77 DBR,1D,2025-12-19T00:00:00-05:00
UBER,1D,demand,RBR,2025-12-23T00:00:00-05:00,81.01,80.35,81.01,81.42,80.35,80.97,1.07,0.5,0.74,0.08,3.5,0.21,multiple_tests,3,False,3.79,2025-12-24T00:00:00-05:00,2025-12-24 00:00:00-05:00,,2026-01-05T00:00:00-05:00,2026-01-06T16:00:00-05:00,1,1D,1D demand 80.35-81.01 RBR,1D,2025-12-23T00:00:00-05:00
UBER,1D,supply,DBD,2025-12-12T00:00:00-05:00,86.45,85.11,85.5,86.45,84.52,85.11,1.93,0.78,0.35,-1.18,4.1,1.54,one_test,1,False,7.22,2025-12-15T00:00:00-05:00,2025-12-15 00:00:00-05:00,,2026-01-06T00:00:00-05:00,2026-01-06T16:00:00-05:00,1,1D,1D supply 85.11-86.45 DBD,1D,2025-12-12T00:00:00-05:00
UBER,1D,supply,DBD/RBD,2025-11-12T00:00:00-05:00,95.18,93.57,94.11,95.18,92.76,93.57,2.42,0.94,-0.21,-0.72,3.56,0.96,fresh,0,False,8.18,2025-11-13T00:00:00-05:00,2025-11-13 00:00:00-05:00,,,2026-01-06T16:00:00-05:00,2,1D,1D supply 93.57-95.18 DBD; 1D supply 93.60-94.16 RBD,1D,2025-11-12T00:00:00-05:00
UBER,1D,supply,RBD,2025-09-29T00:00:00-04:00,101.99,99.0,99.32,100.26,98.58,99.57,1.68,0.87,0.73,-0.59,6.48,0.9,multiple_tests,5,False,5.49,2025-09-30T00:00:00-04:00,2025-09-30 00:00:00-04:00,,2025-11-03T00:00:00-05:00,2026-01-06T16:00:00-05:00,2,1D,1D supply 99.32-100.26 RBD; 1D supply 99.00-101.99 RBD,1D,2025-09-29T00:00:00-04:00
